rodovia_label,km,total_acidentes,acidentes_alto_risco,mortos,feridos_graves,feridos_leves,feridos,veiculos,pessoas,percentual_alto_risco
BR-101,270.0,29,8,0.0,10.0,23.0,33.0,64.0,72.0,0.27586206896551724
BR-101,269.0,20,7,0.0,8.0,14.0,22.0,47.0,51.0,0.35
BR-101,265.0,19,7,0.0,8.0,17.0,25.0,31.0,38.0,0.3684210526315789
BR-101,266.0,18,3,0.0,3.0,16.0,19.0,37.0,41.0,0.16666666666666666
BR-101,264.0,18,5,1.0,4.0,12.0,16.0,37.0,39.0,0.2777777777777778
BR-101,296.0,17,6,1.0,5.0,11.0,16.0,41.0,39.0,0.35294117647058826
BR-101,268.0,15,2,0.0,3.0,20.0,23.0,31.0,37.0,0.13333333333333333
BR-101,298.0,14,6,0.0,7.0,9.0,16.0,24.0,29.0,0.42857142857142855
BR-101,146.0,13,4,1.0,4.0,15.0,19.0,28.0,34.0,0.3076923076923077
BR-101,147.0,13,3,0.0,6.0,10.0,16.0,22.0,27.0,0.23076923076923078
BR-101,66.0,12,2,0.0,2.0,11.0,13.0,24.0,25.0,0.16666666666666666
BR-101,262.0,12,6,0.0,7.0,6.0,13.0,24.0,29.0,0.5
BR-101,294.0,12,5,1.0,5.0,13.0,18.0,40.0,43.0,0.4166666666666667
BR-101,297.0,10,4,1.0,3.0,8.0,11.0,15.0,18.0,0.4
BR-101,263.0,10,2,0.0,2.0,11.0,13.0,16.0,21.0,0.2
BR-101,290.0,10,6,0.0,7.0,5.0,12.0,21.0,24.0,0.6
BR-101,144.0,10,0,0.0,0.0,12.0,12.0,19.0,22.0,0.0
BR-101,292.0,10,2,0.0,5.0,11.0,16.0,19.0,29.0,0.2
BR-101,267.0,9,2,1.0,2.0,8.0,10.0,15.0,18.0,0.2222222222222222
BR-101,289.0,9,3,0.0,3.0,6.0,9.0,27.0,31.0,0.3333333333333333
BR-101,267.9,9,0,0.0,0.0,11.0,11.0,16.0,19.0,0.0
BR-101,288.0,9,5,1.0,4.0,2.0,6.0,19.0,21.0,0.5555555555555556
BR-101,151.0,9,2,0.0,4.0,7.0,11.0,19.0,22.0,0.2222222222222222
BR-101,65.0,8,0,0.0,0.0,6.0,6.0,14.0,16.0,0.0
BR-101,270.5,8,2,1.0,2.0,8.0,10.0,18.0,19.0,0.25
BR-101,255.0,8,1,0.0,1.0,12.0,13.0,16.0,18.0,0.125
BR-101,259.0,8,3,3.0,1.0,7.0,8.0,12.0,15.0,0.375
BR-262,34.0,7,1,0.0,2.0,12.0,14.0,17.0,25.0,0.14285714285714285
BR-101,149.0,7,2,0.0,2.0,11.0,13.0,14.0,18.0,0.2857142857142857
BR-0,0.0,7,0,0.0,0.0,1.0,1.0,17.0,23.0,0.0
BR-101,148.0,7,1,0.0,1.0,5.0,6.0,15.0,16.0,0.14285714285714285
BR-101,127.0,7,3,0.0,3.0,4.0,7.0,10.0,10.0,0.42857142857142855
BR-101,256.0,7,1,0.0,1.0,7.0,8.0,13.0,14.0,0.14285714285714285
BR-101,94.0,7,0,0.0,0.0,7.0,7.0,15.0,18.0,0.0
BR-101,67.0,7,4,1.0,4.0,3.0,7.0,16.0,16.0,0.5714285714285714
BR-101,285.0,6,3,0.0,3.0,3.0,6.0,11.0,11.0,0.5
BR-101,204.8,6,2,0.0,2.0,8.0,10.0,13.0,32.0,0.3333333333333333
BR-101,125.0,6,2,0.0,2.0,2.0,4.0,15.0,15.0,0.3333333333333333
BR-101,141.0,6,3,0.0,4.0,4.0,8.0,10.0,12.0,0.5
BR-101,213.0,6,2,0.0,2.0,4.0,6.0,12.0,16.0,0.3333333333333333
BR-101,276.0,6,2,0.0,3.0,7.0,10.0,11.0,13.0,0.3333333333333333
BR-393,1.0,6,4,1.0,4.0,3.0,7.0,10.0,11.0,0.6666666666666666
BR-101,267.1,6,1,0.0,1.0,5.0,6.0,10.0,11.0,0.16666666666666666
BR-101,299.0,6,1,0.0,1.0,5.0,6.0,10.0,11.0,0.16666666666666666
BR-101,189.0,6,1,0.0,1.0,9.0,10.0,10.0,15.0,0.16666666666666666
BR-101,269.5,6,1,0.0,1.0,7.0,8.0,14.0,16.0,0.16666666666666666
BR-101,257.0,6,2,0.0,2.0,4.0,6.0,10.0,11.0,0.3333333333333333
BR-101,281.0,6,2,0.0,2.0,6.0,8.0,9.0,15.0,0.3333333333333333
BR-101,295.0,6,3,0.0,3.0,3.0,6.0,13.0,14.0,0.5
BR-101,270.4,6,2,0.0,3.0,5.0,8.0,18.0,24.0,0.3333333333333333
BR-101,267.8,6,3,0.0,3.0,1.0,4.0,11.0,14.0,0.5
BR-101,301.0,6,2,1.0,1.0,6.0,7.0,15.0,16.0,0.3333333333333333
BR-101,61.0,6,3,0.0,3.0,4.0,7.0,13.0,15.0,0.5
BR-101,284.0,5,1,0.0,1.0,7.0,8.0,6.0,10.0,0.2
BR-101,288.9,5,2,0.0,3.0,2.0,5.0,12.0,13.0,0.4
BR-101,140.5,5,1,0.0,1.0,3.0,4.0,9.0,12.0,0.2
BR-101,219.0,5,2,0.0,2.0,4.0,6.0,12.0,11.0,0.4
BR-101,2.0,5,3,1.0,2.0,1.0,3.0,11.0,11.0,0.6
BR-262,110.0,5,2,0.0,2.0,4.0,6.0,12.0,13.0,0.4
BR-262,64.0,5,0,0.0,0.0,8.0,8.0,8.0,12.0,0.0
BR-101,283.0,5,3,0.0,3.0,6.0,9.0,10.0,15.0,0.6
BR-262,17.0,5,0,0.0,0.0,5.0,5.0,10.0,12.0,0.0
BR-101,350.0,5,2,1.0,1.0,4.0,5.0,7.0,9.0,0.4
BR-101,304.0,5,0,0.0,0.0,6.0,6.0,12.0,13.0,0.0
BR-101,69.0,5,2,1.0,2.0,3.0,5.0,9.0,11.0,0.4
BR-101,271.0,5,0,0.0,0.0,6.0,6.0,9.0,12.0,0.0
BR-101,269.6,5,0,0.0,0.0,7.0,7.0,11.0,14.0,0.0
BR-101,262.1,5,3,1.0,2.0,4.0,6.0,10.0,16.0,0.6
BR-101,144.8,5,1,1.0,0.0,3.0,3.0,11.0,13.0,0.2
BR-101,270.2,5,0,0.0,0.0,5.0,5.0,11.0,12.0,0.0
BR-101,204.0,5,1,0.0,1.0,4.0,5.0,9.0,10.0,0.2
BR-101,268.5,5,0,0.0,0.0,7.0,7.0,12.0,12.0,0.0
BR-101,144.1,5,1,0.0,1.0,4.0,5.0,9.0,11.0,0.2
BR-101,258.0,5,1,0.0,1.0,5.0,6.0,9.0,10.0,0.2
BR-101,150.0,5,1,0.0,1.0,3.0,4.0,9.0,10.0,0.2
BR-101,268.9,5,0,0.0,0.0,8.0,8.0,10.0,13.0,0.0
BR-101,148.7,5,2,0.0,3.0,5.0,8.0,10.0,12.0,0.4
BR-101,233.0,5,1,0.0,1.0,5.0,6.0,10.0,15.0,0.2
BR-101,294.7,5,0,0.0,0.0,5.0,5.0,10.0,11.0,0.0
BR-101,214.0,4,1,0.0,1.0,3.0,4.0,8.0,8.0,0.25
BR-101,285.1,4,4,0.0,4.0,1.0,5.0,8.0,8.0,1.0
BR-101,395.0,4,1,0.0,1.0,3.0,4.0,10.0,11.0,0.25
BR-101,142.0,4,1,0.0,1.0,3.0,4.0,9.0,13.0,0.25
BR-259,8.0,4,0,0.0,0.0,5.0,5.0,6.0,7.0,0.0
BR-393,2.0,4,0,0.0,0.0,5.0,5.0,7.0,9.0,0.0
BR-101,278.2,4,2,0.0,3.0,1.0,4.0,8.0,8.0,0.5
BR-262,20.0,4,1,0.0,1.0,2.0,3.0,8.0,11.0,0.25
BR-101,263.1,4,1,0.0,1.0,4.0,5.0,7.0,8.0,0.25
BR-447,14.0,4,2,1.0,1.0,2.0,3.0,7.0,8.0,0.5
BR-101,263.9,4,2,0.0,2.0,5.0,7.0,8.0,10.0,0.5
BR-262,36.0,4,1,0.0,2.0,6.0,8.0,11.0,14.0,0.25
BR-262,39.0,4,1,1.0,0.0,6.0,6.0,8.0,13.0,0.25
BR-101,13.0,4,0,0.0,0.0,4.0,4.0,5.0,7.0,0.0
BR-101,14.0,4,1,0.0,1.0,4.0,5.0,7.0,8.0,0.25
BR-101,264.5,4,1,0.0,1.0,4.0,5.0,7.0,9.0,0.25
BR-101,15.0,4,0,0.0,0.0,5.0,5.0,6.0,7.0,0.0
BR-262,72.0,4,0,0.0,0.0,2.0,2.0,5.0,5.0,0.0
BR-262,95.0,4,3,0.0,3.0,2.0,5.0,8.0,9.0,0.75
BR-101,68.0,4,1,0.0,1.0,3.0,4.0,6.0,7.0,0.25
BR-262,104.0,4,1,0.0,1.0,2.0,3.0,6.0,7.0,0.25
BR-262,105.0,4,1,0.0,1.0,3.0,4.0,11.0,12.0,0.25
BR-262,155.0,4,2,0.0,2.0,2.0,4.0,10.0,12.0,0.5
BR-101,268.7,4,2,0.0,2.0,1.0,3.0,7.0,7.0,0.5
BR-101,161.0,4,2,2.0,1.0,3.0,4.0,8.0,9.0,0.5
BR-101,32.0,4,1,0.0,2.0,1.0,3.0,6.0,8.0,0.25
BR-101,33.0,4,0,0.0,0.0,5.0,5.0,8.0,10.0,0.0
BR-101,73.0,4,1,0.0,1.0,4.0,5.0,7.0,9.0,0.25
BR-101,42.0,4,1,0.0,1.0,3.0,4.0,6.0,8.0,0.25
BR-101,266.3,4,0,0.0,0.0,6.0,6.0,6.0,8.0,0.0
BR-101,266.4,4,1,0.0,1.0,6.0,7.0,10.0,13.0,0.25
BR-101,266.5,4,2,0.0,2.0,3.0,5.0,9.0,10.0,0.5
BR-101,57.0,4,0,0.0,0.0,0.0,0.0,12.0,13.0,0.0
BR-101,282.0,4,1,0.0,1.0,4.0,5.0,9.0,11.0,0.25
BR-101,243.0,4,0,0.0,0.0,4.0,4.0,8.0,14.0,0.0
BR-101,276.4,4,3,0.0,3.0,1.0,4.0,11.0,11.0,0.75
BR-101,174.5,4,0,0.0,0.0,3.0,3.0,8.0,9.0,0.0
BR-101,278.0,4,2,0.0,3.0,2.0,5.0,6.0,9.0,0.5
BR-101,289.8,4,0,0.0,0.0,4.0,4.0,5.0,6.0,0.0
BR-101,269.8,4,2,0.0,2.0,3.0,5.0,11.0,13.0,0.5
BR-101,269.9,4,1,0.0,1.0,4.0,5.0,8.0,9.0,0.25
BR-101,159.0,4,2,0.0,4.0,3.0,7.0,8.0,14.0,0.5
BR-101,260.0,4,0,0.0,0.0,6.0,6.0,5.0,7.0,0.0
BR-101,286.0,4,1,1.0,0.0,3.0,3.0,9.0,9.0,0.25
BR-101,137.0,4,2,0.0,2.0,5.0,7.0,6.0,7.0,0.5
BR-101,262.2,4,0,0.0,0.0,5.0,5.0,7.0,11.0,0.0
BR-101,139.0,4,1,0.0,2.0,6.0,8.0,7.0,10.0,0.25
BR-101,287.0,4,1,0.0,1.0,6.0,7.0,8.0,12.0,0.25
BR-101,289.9,4,1,1.0,0.0,3.0,3.0,9.0,9.0,0.25
BR-101,290.7,4,3,1.0,3.0,2.0,5.0,7.0,9.0,0.75
BR-101,293.0,4,0,0.0,0.0,8.0,8.0,5.0,8.0,0.0
BR-101,296.9,4,1,0.0,1.0,6.0,7.0,9.0,11.0,0.25
BR-101,297.5,4,2,0.0,2.0,2.0,4.0,7.0,8.0,0.5
BR-262,19.0,4,4,0.0,6.0,1.0,7.0,8.0,11.0,1.0
BR-101,298.5,4,1,0.0,1.0,6.0,7.0,9.0,11.0,0.25
BR-101,335.0,4,1,0.0,1.0,3.0,4.0,4.0,4.0,0.25
BR-101,372.5,4,1,0.0,1.0,2.0,3.0,10.0,14.0,0.25
BR-101,393.0,4,1,0.0,1.0,3.0,4.0,7.0,7.0,0.25
BR-101,91.0,3,2,0.0,2.0,1.0,3.0,5.0,6.0,0.6666666666666666
BR-101,142.5,3,0,0.0,0.0,3.0,3.0,5.0,7.0,0.0
BR-101,275.0,3,1,0.0,2.0,2.0,4.0,3.0,4.0,0.3333333333333333
BR-101,143.0,3,1,1.0,0.0,2.0,2.0,6.0,6.0,0.3333333333333333
BR-101,143.9,3,1,1.0,0.0,5.0,5.0,5.0,6.0,0.3333333333333333
BR-101,284.5,3,1,0.0,2.0,2.0,4.0,9.0,9.0,0.3333333333333333
BR-101,145.0,3,0,0.0,0.0,3.0,3.0,5.0,5.0,0.0
BR-101,264.6,3,1,0.0,1.0,2.0,3.0,7.0,8.0,0.3333333333333333
BR-101,145.5,3,0,0.0,0.0,3.0,3.0,6.0,6.0,0.0
BR-101,145.6,3,0,0.0,0.0,2.0,2.0,4.0,4.0,0.0
BR-101,17.5,3,2,2.0,0.0,9.0,9.0,27.0,17.0,0.6666666666666666
BR-101,266.7,3,3,0.0,4.0,0.0,4.0,4.0,6.0,1.0
BR-101,101.0,3,1,0.0,1.0,3.0,4.0,5.0,5.0,0.3333333333333333
BR-101,288.2,3,2,0.0,2.0,2.0,4.0,5.0,6.0,0.6666666666666666
BR-101,288.3,3,1,0.0,1.0,2.0,3.0,4.0,4.0,0.3333333333333333
BR-101,288.4,3,2,0.0,2.0,5.0,7.0,4.0,8.0,0.6666666666666666
BR-101,288.5,3,2,0.0,4.0,1.0,5.0,7.0,10.0,0.6666666666666666
BR-101,270.6,3,1,0.0,1.0,4.0,5.0,6.0,9.0,0.3333333333333333
BR-101,148.9,3,1,0.0,1.0,3.0,4.0,8.0,10.0,0.3333333333333333
BR-101,289.1,3,2,0.0,2.0,2.0,4.0,5.0,6.0,0.6666666666666666
BR-101,289.3,3,1,0.0,1.0,2.0,3.0,6.0,6.0,0.3333333333333333
BR-101,205.0,3,0,0.0,0.0,3.0,3.0,5.0,8.0,0.0
BR-101,148.5,3,1,0.0,1.0,2.0,3.0,6.0,6.0,0.3333333333333333
BR-101,290.5,3,2,1.0,2.0,1.0,3.0,7.0,9.0,0.6666666666666666
BR-101,260.6,3,2,0.0,2.0,3.0,5.0,6.0,8.0,0.6666666666666666
BR-101,291.0,3,0,0.0,0.0,4.0,4.0,6.0,7.0,0.0
BR-101,265.7,3,0,0.0,0.0,4.0,4.0,9.0,10.0,0.0
BR-101,292.8,3,1,0.0,1.0,3.0,4.0,5.0,6.0,0.3333333333333333
BR-101,260.8,3,0,0.0,0.0,5.0,5.0,4.0,6.0,0.0
BR-101,265.5,3,0,0.0,0.0,4.0,4.0,7.0,8.0,0.0
BR-101,294.6,3,1,0.0,1.0,2.0,3.0,10.0,15.0,0.3333333333333333
BR-101,162.0,3,1,0.0,1.0,2.0,3.0,6.0,6.0,0.3333333333333333
BR-101,125.7,3,2,0.0,2.0,1.0,3.0,6.0,6.0,0.6666666666666666
BR-101,295.1,3,2,0.0,2.0,1.0,3.0,5.0,5.0,0.6666666666666666
BR-101,295.2,3,0,0.0,0.0,3.0,3.0,6.0,6.0,0.0
BR-101,295.6,3,0,0.0,0.0,3.0,3.0,4.0,4.0,0.0
BR-101,71.0,3,3,0.0,3.0,1.0,4.0,6.0,9.0,1.0
BR-101,261.0,3,0,0.0,0.0,3.0,3.0,5.0,6.0,0.0
BR-101,147.5,3,0,0.0,0.0,3.0,3.0,6.0,6.0,0.0
BR-101,254.0,3,0,0.0,0.0,2.0,2.0,7.0,7.0,0.0
BR-101,279.5,3,2,0.0,2.0,4.0,6.0,8.0,9.0,0.6666666666666666
BR-101,98.0,3,1,0.0,2.0,0.0,2.0,3.0,5.0,0.3333333333333333
BR-101,298.2,3,1,0.0,2.0,2.0,4.0,6.0,7.0,0.3333333333333333
BR-101,208.0,3,0,0.0,0.0,4.0,4.0,5.0,9.0,0.0
BR-101,70.0,3,0,0.0,0.0,4.0,4.0,7.0,9.0,0.0
BR-101,299.8,3,0,0.0,0.0,4.0,4.0,6.0,7.0,0.0
BR-101,299.9,3,2,0.0,3.0,3.0,6.0,7.0,10.0,0.6666666666666666
BR-101,270.3,3,1,0.0,1.0,3.0,4.0,6.0,7.0,0.3333333333333333
BR-101,302.6,3,0,0.0,0.0,5.0,5.0,6.0,8.0,0.0
BR-101,146.8,3,1,0.0,2.0,2.0,4.0,7.0,12.0,0.3333333333333333
BR-101,304.4,3,0,0.0,0.0,4.0,4.0,6.0,8.0,0.0
BR-101,315.0,3,1,0.0,1.0,3.0,4.0,5.0,6.0,0.3333333333333333
BR-101,280.0,3,0,0.0,0.0,1.0,1.0,4.0,4.0,0.0
BR-101,146.6,3,0,0.0,0.0,4.0,4.0,7.0,8.0,0.0
BR-101,135.9,3,0,0.0,0.0,3.0,3.0,5.0,8.0,0.0
BR-101,390.0,3,0,0.0,0.0,4.0,4.0,8.0,7.0,0.0
BR-101,391.0,3,0,0.0,0.0,5.0,5.0,6.0,7.0,0.0
BR-101,392.0,3,2,0.0,2.0,1.0,3.0,5.0,9.0,0.6666666666666666
BR-101,150.5,3,0,0.0,0.0,3.0,3.0,5.0,7.0,0.0
BR-101,126.0,3,1,0.0,1.0,1.0,2.0,5.0,5.0,0.3333333333333333
BR-101,399.0,3,1,0.0,1.0,4.0,5.0,8.0,11.0,0.3333333333333333
BR-101,424.0,3,1,0.0,1.0,4.0,5.0,5.0,7.0,0.3333333333333333
BR-101,442.0,3,1,0.0,1.0,4.0,5.0,7.0,6.0,0.3333333333333333
BR-101,266.2,3,1,1.0,0.0,5.0,5.0,5.0,7.0,0.3333333333333333
BR-259,50.0,3,1,0.0,1.0,6.0,7.0,6.0,8.0,0.3333333333333333
BR-259,52.0,3,1,0.0,2.0,3.0,5.0,5.0,6.0,0.3333333333333333
BR-262,0.9,3,2,0.0,2.0,2.0,4.0,5.0,5.0,0.6666666666666666
BR-262,16.0,3,1,0.0,1.0,3.0,4.0,6.0,7.0,0.3333333333333333
BR-101,239.0,3,1,0.0,1.0,2.0,3.0,6.0,8.0,0.3333333333333333
BR-101,64.0,3,1,0.0,1.0,3.0,4.0,9.0,10.0,0.3333333333333333
BR-101,262.3,3,1,0.0,1.0,2.0,3.0,5.0,5.0,0.3333333333333333
BR-262,30.0,3,1,0.0,1.0,1.0,2.0,7.0,5.0,0.3333333333333333
BR-101,223.0,3,1,0.0,1.0,1.0,2.0,5.0,5.0,0.3333333333333333
BR-101,274.0,3,1,1.0,0.0,4.0,4.0,4.0,6.0,0.3333333333333333
BR-262,38.0,3,0,0.0,0.0,3.0,3.0,5.0,8.0,0.0
BR-101,266.9,3,0,0.0,0.0,3.0,3.0,4.0,4.0,0.0
BR-262,43.8,3,1,0.0,1.0,3.0,4.0,7.0,9.0,0.3333333333333333
BR-262,45.0,3,0,0.0,0.0,1.0,1.0,7.0,8.0,0.0
BR-262,53.0,3,1,0.0,1.0,1.0,2.0,6.0,6.0,0.3333333333333333
BR-262,56.0,3,1,0.0,1.0,1.0,2.0,5.0,10.0,0.3333333333333333
BR-101,145.9,3,0,0.0,0.0,2.0,2.0,7.0,10.0,0.0
BR-101,139.4,3,0,0.0,0.0,2.0,2.0,7.0,7.0,0.0
BR-262,93.0,3,2,0.0,3.0,3.0,6.0,7.0,10.0,0.6666666666666666
BR-101,282.4,3,0,0.0,0.0,3.0,3.0,4.0,5.0,0.0
BR-101,278.9,3,1,1.0,0.0,3.0,3.0,5.0,7.0,0.3333333333333333
BR-101,49.0,3,1,0.0,1.0,5.0,6.0,9.0,9.0,0.3333333333333333
BR-262,106.0,3,2,0.0,2.0,0.0,2.0,6.0,6.0,0.6666666666666666
BR-101,18.0,3,1,0.0,1.0,4.0,5.0,3.0,5.0,0.3333333333333333
BR-262,112.0,3,1,0.0,2.0,1.0,3.0,5.0,5.0,0.3333333333333333
BR-262,113.0,3,0,0.0,0.0,2.0,2.0,6.0,9.0,0.0
BR-262,151.0,3,1,1.0,0.0,1.0,1.0,4.0,4.0,0.3333333333333333
BR-101,270.7,3,1,0.0,1.0,2.0,3.0,5.0,5.0,0.3333333333333333
BR-262,159.0,3,3,0.0,3.0,0.0,3.0,7.0,7.0,1.0
BR-262,160.0,3,0,0.0,0.0,4.0,4.0,6.0,8.0,0.0
BR-262,166.0,3,1,0.0,1.0,3.0,4.0,5.0,6.0,0.3333333333333333
BR-101,9.0,3,2,0.0,2.0,2.0,4.0,6.0,9.0,0.6666666666666666
BR-101,145.8,3,0,0.0,0.0,3.0,3.0,5.0,6.0,0.0
BR-101,68.3,3,1,0.0,1.0,2.0,3.0,4.0,5.0,0.3333333333333333
BR-101,297.8,3,0,0.0,0.0,4.0,4.0,6.0,7.0,0.0
BR-101,202.1,2,1,0.0,1.0,0.0,1.0,6.0,4.0,0.5
BR-101,127.7,2,1,0.0,1.0,1.0,2.0,2.0,2.0,0.5
BR-101,260.1,2,0,0.0,0.0,2.0,2.0,4.0,5.0,0.0
BR-101,282.2,2,0,0.0,0.0,3.0,3.0,2.0,3.0,0.0
BR-101,141.5,2,0,0.0,0.0,1.0,1.0,4.0,5.0,0.0
BR-101,260.5,2,0,0.0,0.0,2.0,2.0,4.0,5.0,0.0
BR-101,141.8,2,0,0.0,0.0,2.0,2.0,3.0,3.0,0.0
BR-101,141.9,2,1,0.0,1.0,1.0,2.0,3.0,3.0,0.5
BR-101,3.7,2,1,0.0,1.0,1.0,2.0,13.0,7.0,0.5
BR-101,260.7,2,0,0.0,0.0,2.0,2.0,3.0,3.0,0.0
BR-101,142.3,2,0,0.0,0.0,2.0,2.0,4.0,6.0,0.0
BR-101,260.9,2,1,1.0,1.0,2.0,3.0,3.0,5.0,0.5
BR-101,280.6,2,1,0.0,1.0,3.0,4.0,4.0,6.0,0.5
BR-101,143.2,2,1,0.0,1.0,2.0,3.0,3.0,4.0,0.5
BR-101,217.0,2,0,0.0,0.0,2.0,2.0,2.0,3.0,0.0
BR-101,264.2,2,2,0.0,2.0,1.0,3.0,5.0,7.0,1.0
BR-101,14.9,2,1,0.0,1.0,2.0,3.0,4.0,4.0,0.5
BR-101,135.8,2,1,0.0,2.0,1.0,3.0,4.0,6.0,0.5
BR-101,145.1,2,0,0.0,0.0,2.0,2.0,3.0,5.0,0.0
BR-101,208.9,2,1,0.0,2.0,2.0,4.0,3.0,5.0,0.5
BR-101,209.1,2,0,0.0,0.0,4.0,4.0,4.0,6.0,0.0
BR-101,210.0,2,2,0.0,3.0,3.0,6.0,5.0,8.0,1.0
BR-101,282.9,2,1,0.0,1.0,1.0,2.0,4.0,4.0,0.5
BR-101,145.7,2,2,0.0,2.0,0.0,2.0,4.0,4.0,1.0
BR-101,210.8,2,2,1.0,3.0,2.0,5.0,6.0,8.0,1.0
BR-101,211.0,2,0,0.0,0.0,5.0,5.0,4.0,9.0,0.0
BR-101,146.4,2,0,0.0,0.0,2.0,2.0,5.0,5.0,0.0
BR-101,146.5,2,0,0.0,0.0,3.0,3.0,4.0,5.0,0.0
BR-101,146.7,2,0,0.0,0.0,2.0,2.0,4.0,4.0,0.0
BR-101,212.0,2,1,0.0,1.0,1.0,2.0,5.0,6.0,0.5
BR-101,264.9,2,0,0.0,0.0,2.0,2.0,4.0,4.0,0.0
BR-101,224.0,2,1,0.0,2.0,1.0,3.0,6.0,8.0,0.5
BR-101,212.7,2,0,0.0,0.0,3.0,3.0,3.0,3.0,0.0
BR-101,265.2,2,1,0.0,1.0,2.0,3.0,5.0,8.0,0.5
BR-101,139.5,2,1,0.0,1.0,2.0,3.0,3.0,4.0,0.5
BR-101,139.8,2,0,0.0,0.0,2.0,2.0,2.0,2.0,0.0
BR-101,140.0,2,0,0.0,0.0,2.0,2.0,2.0,2.0,0.0
BR-101,29.0,2,0,0.0,0.0,2.0,2.0,3.0,4.0,0.0
BR-101,147.6,2,0,0.0,0.0,2.0,2.0,3.0,3.0,0.0
BR-101,212.9,2,1,0.0,1.0,2.0,3.0,5.0,6.0,0.5
BR-101,225.0,2,0,0.0,0.0,3.0,3.0,3.0,4.0,0.0
BR-101,30.0,2,0,0.0,0.0,2.0,2.0,4.0,4.0,0.0
BR-101,30.1,2,1,0.0,1.0,3.0,4.0,14.0,9.0,0.5
BR-101,287.3,2,0,0.0,0.0,2.0,2.0,3.0,3.0,0.0
BR-101,31.0,2,1,0.0,1.0,1.0,2.0,4.0,5.0,0.5
BR-101,32.3,2,0,0.0,0.0,6.0,6.0,4.0,8.0,0.0
BR-101,148.1,2,1,0.0,1.0,0.0,1.0,2.0,2.0,0.5
BR-101,265.8,2,0,0.0,0.0,3.0,3.0,4.0,4.0,0.0
BR-101,148.6,2,1,0.0,1.0,0.0,1.0,5.0,5.0,0.5
BR-101,288.8,2,1,0.0,1.0,1.0,2.0,4.0,4.0,0.5
BR-101,265.9,2,0,0.0,0.0,2.0,2.0,4.0,5.0,0.0
BR-101,40.7,2,1,0.0,1.0,1.0,2.0,3.0,4.0,0.5
BR-101,149.2,2,0,0.0,0.0,2.0,2.0,4.0,4.0,0.0
BR-101,149.3,2,1,0.0,1.0,1.0,2.0,4.0,8.0,0.5
BR-101,289.4,2,0,0.0,0.0,2.0,2.0,3.0,4.0,0.0
BR-101,289.7,2,1,0.0,1.0,1.0,2.0,3.0,3.0,0.5
BR-101,92.0,2,2,0.0,2.0,0.0,2.0,5.0,6.0,1.0
BR-101,46.8,2,0,0.0,0.0,1.0,1.0,2.0,2.0,0.0
BR-101,229.0,2,0,0.0,0.0,1.0,1.0,5.0,5.0,0.0
BR-101,290.3,2,0,0.0,0.0,3.0,3.0,3.0,4.0,0.0
BR-101,149.6,2,2,1.0,1.0,0.0,1.0,6.0,6.0,1.0
BR-101,266.1,2,0,0.0,0.0,2.0,2.0,3.0,4.0,0.0
BR-101,290.8,2,1,0.0,1.0,1.0,2.0,4.0,4.0,0.5
BR-101,150.8,2,0,0.0,0.0,6.0,6.0,5.0,10.0,0.0
BR-101,291.8,2,0,0.0,0.0,2.0,2.0,5.0,5.0,0.0
BR-101,291.9,2,2,1.0,1.0,0.0,1.0,4.0,5.0,1.0
BR-101,152.0,2,1,0.0,3.0,1.0,4.0,5.0,6.0,0.5
BR-101,231.0,2,1,0.0,1.0,2.0,3.0,8.0,13.0,0.5
BR-101,154.0,2,0,0.0,0.0,3.0,3.0,2.0,3.0,0.0
BR-101,293.2,2,1,0.0,1.0,1.0,2.0,2.0,2.0,0.5
BR-101,293.8,2,0,0.0,0.0,1.0,1.0,4.0,4.0,0.0
BR-101,267.5,2,0,0.0,0.0,2.0,2.0,3.0,4.0,0.0
BR-101,294.5,2,1,0.0,1.0,1.0,2.0,9.0,6.0,0.5
BR-101,62.0,2,0,0.0,0.0,3.0,3.0,4.0,4.0,0.0
BR-101,283.1,2,0,0.0,0.0,2.0,2.0,5.0,5.0,0.0
BR-101,294.8,2,0,0.0,0.0,2.0,2.0,2.0,2.0,0.0
BR-101,157.7,2,0,0.0,0.0,3.0,3.0,2.0,3.0,0.0
BR-101,64.2,2,1,0.0,2.0,2.0,4.0,3.0,5.0,0.5
BR-101,64.5,2,1,0.0,1.0,2.0,3.0,3.0,4.0,0.5
BR-101,64.8,2,1,1.0,1.0,2.0,3.0,9.0,8.0,0.5
BR-101,236.1,2,2,1.0,1.0,1.0,2.0,4.0,5.0,1.0
BR-101,296.1,2,0,0.0,0.0,2.0,2.0,2.0,2.0,0.0
BR-101,296.7,2,0,0.0,0.0,2.0,2.0,3.0,4.0,0.0
BR-101,66.4,2,1,0.0,2.0,2.0,4.0,5.0,7.0,0.5
BR-101,66.5,2,0,0.0,0.0,3.0,3.0,4.0,4.0,0.0
BR-101,297.2,2,0,0.0,0.0,2.0,2.0,3.0,3.0,0.0
BR-101,268.2,2,0,0.0,0.0,2.0,2.0,3.0,5.0,0.0
BR-101,297.6,2,1,0.0,1.0,1.0,2.0,4.0,4.0,0.5
BR-101,297.7,2,0,0.0,0.0,3.0,3.0,4.0,6.0,0.0
BR-101,66.7,2,1,0.0,1.0,2.0,3.0,3.0,3.0,0.5
BR-101,66.9,2,0,0.0,0.0,3.0,3.0,4.0,5.0,0.0
BR-101,67.5,2,0,0.0,0.0,2.0,2.0,4.0,4.0,0.0
BR-101,298.4,2,0,0.0,0.0,1.0,1.0,2.0,2.0,0.0
BR-101,268.6,2,1,0.0,1.0,2.0,3.0,3.0,4.0,0.5
BR-101,268.8,2,1,0.0,1.0,1.0,2.0,4.0,5.0,0.5
BR-101,299.2,2,0,0.0,0.0,2.0,2.0,3.0,3.0,0.0
BR-101,299.7,2,1,0.0,1.0,1.0,2.0,3.0,3.0,0.5
BR-101,69.2,2,1,1.0,0.0,1.0,1.0,4.0,4.0,0.5
BR-101,71.8,2,2,0.0,2.0,0.0,2.0,3.0,5.0,1.0
BR-101,300.1,2,1,0.0,1.0,1.0,2.0,5.0,6.0,0.5
BR-101,71.9,2,0,0.0,0.0,4.0,4.0,5.0,7.0,0.0
BR-101,301.9,2,0,0.0,0.0,3.0,3.0,3.0,4.0,0.0
BR-101,161.7,2,0,0.0,0.0,8.0,8.0,7.0,11.0,0.0
BR-101,277.8,2,1,0.0,2.0,1.0,3.0,7.0,8.0,0.5
BR-101,73.9,2,0,0.0,0.0,3.0,3.0,4.0,4.0,0.0
BR-101,308.0,2,2,0.0,2.0,3.0,5.0,2.0,5.0,1.0
BR-101,310.0,2,0,0.0,0.0,3.0,3.0,4.0,5.0,0.0
BR-101,314.0,2,0,0.0,0.0,2.0,2.0,2.0,2.0,0.0
BR-101,277.9,2,2,1.0,1.0,2.0,3.0,6.0,8.0,1.0
BR-101,315.9,2,1,1.0,0.0,1.0,1.0,4.0,4.0,0.5
BR-101,320.8,2,1,0.0,1.0,1.0,2.0,3.0,3.0,0.5
BR-101,327.0,2,0,0.0,0.0,3.0,3.0,2.0,3.0,0.0
BR-101,329.8,2,1,0.0,1.0,1.0,2.0,4.0,7.0,0.5
BR-101,330.0,2,1,1.0,0.0,0.0,0.0,5.0,29.0,0.5
BR-101,331.8,2,0,0.0,0.0,2.0,2.0,2.0,2.0,0.0
BR-101,333.0,2,1,0.0,1.0,2.0,3.0,3.0,4.0,0.5
BR-101,163.0,2,0,0.0,0.0,2.0,2.0,5.0,5.0,0.0
BR-101,241.0,2,1,0.0,1.0,1.0,2.0,3.0,4.0,0.5
BR-101,353.5,2,2,2.0,1.0,0.0,1.0,3.0,8.0,1.0
BR-101,355.0,2,1,0.0,1.0,2.0,3.0,4.0,4.0,0.5
BR-101,368.5,2,1,0.0,1.0,1.0,2.0,3.0,6.0,0.5
BR-101,368.7,2,0,0.0,0.0,2.0,2.0,3.0,3.0,0.0
BR-101,371.0,2,1,0.0,1.0,2.0,3.0,4.0,9.0,0.5
BR-101,372.0,2,1,0.0,2.0,2.0,4.0,4.0,7.0,0.5
BR-101,269.3,2,0,0.0,0.0,2.0,2.0,4.0,4.0,0.0
BR-101,379.9,2,0,0.0,0.0,3.0,3.0,4.0,4.0,0.0
BR-101,385.8,2,0,0.0,0.0,2.0,2.0,4.0,4.0,0.0
BR-101,385.9,2,1,1.0,2.0,1.0,3.0,6.0,8.0,0.5
BR-101,269.4,2,1,0.0,1.0,1.0,2.0,3.0,3.0,0.5
BR-101,242.0,2,1,1.0,0.0,1.0,1.0,3.0,3.0,0.5
BR-101,391.1,2,1,0.0,1.0,1.0,2.0,5.0,5.0,0.5
BR-101,79.0,2,0,0.0,0.0,3.0,3.0,2.0,3.0,0.0
BR-101,392.3,2,0,0.0,0.0,2.0,2.0,4.0,4.0,0.0
BR-101,392.5,2,2,0.0,2.0,3.0,5.0,4.0,6.0,1.0
BR-101,166.0,2,0,0.0,0.0,4.0,4.0,5.0,8.0,0.0
BR-101,166.1,2,2,1.0,2.0,2.0,4.0,4.0,5.0,1.0
BR-101,85.8,2,0,0.0,0.0,4.0,4.0,5.0,8.0,0.0
BR-101,401.0,2,0,0.0,0.0,3.0,3.0,3.0,6.0,0.0
BR-101,406.7,2,2,0.0,3.0,1.0,4.0,3.0,5.0,1.0
BR-101,416.2,2,2,1.0,1.0,0.0,1.0,4.0,4.0,1.0
BR-101,86.0,2,1,0.0,5.0,1.0,6.0,4.0,7.0,0.5
BR-101,425.0,2,0,0.0,0.0,2.0,2.0,4.0,8.0,0.0
BR-101,431.0,2,0,0.0,0.0,2.0,2.0,6.0,6.0,0.0
BR-101,438.9,2,0,0.0,0.0,3.0,3.0,4.0,6.0,0.0
BR-101,167.7,2,0,0.0,0.0,4.0,4.0,3.0,5.0,0.0
BR-101,446.0,2,0,0.0,0.0,2.0,2.0,4.0,4.0,0.0
BR-101,88.0,2,0,0.0,0.0,3.0,3.0,4.0,7.0,0.0
BR-259,8.5,2,1,0.0,1.0,1.0,2.0,3.0,3.0,0.5
BR-259,9.0,2,1,0.0,1.0,1.0,2.0,2.0,2.0,0.5
BR-259,30.0,2,0,0.0,0.0,8.0,8.0,4.0,8.0,0.0
BR-259,34.0,2,1,0.0,2.0,1.0,3.0,5.0,6.0,0.5
BR-101,246.1,2,0,0.0,0.0,2.0,2.0,4.0,5.0,0.0
BR-101,247.0,2,0,0.0,0.0,3.0,3.0,2.0,3.0,0.0
BR-259,53.0,2,1,0.0,1.0,1.0,2.0,3.0,3.0,0.5
BR-259,53.6,2,0,0.0,0.0,3.0,3.0,4.0,4.0,0.0
BR-259,56.0,2,0,0.0,0.0,4.0,4.0,3.0,4.0,0.0
BR-259,57.0,2,0,0.0,0.0,2.0,2.0,3.0,3.0,0.0
BR-259,57.7,2,0,0.0,0.0,4.0,4.0,3.0,5.0,0.0
BR-259,58.0,2,1,0.0,1.0,1.0,2.0,5.0,5.0,0.5
BR-259,60.0,2,0,0.0,0.0,2.0,2.0,3.0,3.0,0.0
BR-259,61.0,2,1,0.0,1.0,2.0,3.0,4.0,6.0,0.5
BR-259,62.0,2,0,0.0,0.0,2.0,2.0,2.0,2.0,0.0
BR-259,70.0,2,0,0.0,0.0,2.0,2.0,2.0,2.0,0.0
BR-259,101.3,2,2,0.0,2.0,1.0,3.0,4.0,5.0,1.0
BR-262,0.5,2,1,0.0,1.0,1.0,2.0,4.0,4.0,0.5
BR-101,96.0,2,1,0.0,2.0,3.0,5.0,7.0,11.0,0.5
BR-262,1.0,2,0,0.0,0.0,2.0,2.0,3.0,3.0,0.0
BR-393,0.0,2,1,0.0,1.0,1.0,2.0,4.0,4.0,0.5
BR-101,251.0,2,0,0.0,0.0,3.0,3.0,2.0,3.0,0.0
BR-262,18.0,2,0,0.0,0.0,2.0,2.0,3.0,3.0,0.0
BR-101,171.7,2,0,0.0,0.0,2.0,2.0,5.0,4.0,0.0
BR-101,100.0,2,1,0.0,1.0,1.0,2.0,5.0,5.0,0.5
BR-262,21.0,2,0,0.0,0.0,7.0,7.0,3.0,7.0,0.0
BR-262,25.0,2,0,0.0,0.0,1.0,1.0,3.0,3.0,0.0
BR-262,26.0,2,0,0.0,0.0,2.0,2.0,3.0,5.0,0.0
BR-262,29.0,2,0,0.0,0.0,2.0,2.0,4.0,4.0,0.0
BR-101,173.8,2,2,0.0,2.0,0.0,2.0,6.0,6.0,1.0
BR-262,33.0,2,1,0.0,1.0,1.0,2.0,4.0,4.0,0.5
BR-101,101.9,2,1,0.0,1.0,1.0,2.0,4.0,3.0,0.5
BR-262,35.0,2,1,0.0,1.0,1.0,2.0,3.0,3.0,0.5
BR-101,270.8,2,1,0.0,2.0,4.0,6.0,3.0,8.0,0.5
BR-101,105.0,2,0,0.0,0.0,3.0,3.0,4.0,5.0,0.0
BR-101,253.7,2,0,0.0,0.0,1.0,1.0,2.0,2.0,0.0
BR-262,39.9,2,0,0.0,0.0,3.0,3.0,5.0,7.0,0.0
BR-101,255.4,2,0,0.0,0.0,3.0,3.0,5.0,7.0,0.0
BR-262,44.0,2,1,0.0,2.0,1.0,3.0,3.0,4.0,0.5
BR-101,176.8,2,2,2.0,1.0,0.0,1.0,6.0,8.0,1.0
BR-262,51.0,2,0,0.0,0.0,3.0,3.0,3.0,4.0,0.0
BR-101,255.5,2,0,0.0,0.0,6.0,6.0,5.0,9.0,0.0
BR-101,255.9,2,1,0.0,1.0,0.0,1.0,4.0,5.0,0.5
BR-262,56.2,2,1,0.0,1.0,2.0,3.0,3.0,4.0,0.5
BR-101,179.7,2,1,2.0,0.0,1.0,1.0,3.0,3.0,0.5
BR-262,65.0,2,1,0.0,1.0,3.0,4.0,5.0,7.0,0.5
BR-262,66.0,2,1,1.0,0.0,1.0,1.0,4.0,5.0,0.5
BR-262,69.0,2,1,1.0,0.0,1.0,1.0,4.0,4.0,0.5
BR-101,256.2,2,1,0.0,1.0,1.0,2.0,3.0,3.0,0.5
BR-262,73.1,2,0,0.0,0.0,2.0,2.0,4.0,5.0,0.0
BR-262,77.8,2,1,0.0,1.0,1.0,2.0,3.0,3.0,0.5
BR-262,89.0,2,0,0.0,0.0,2.0,2.0,4.0,4.0,0.0
BR-262,90.0,2,2,0.0,2.0,4.0,6.0,5.0,10.0,1.0
BR-101,271.2,2,1,0.0,1.0,0.0,1.0,3.0,3.0,0.5
BR-262,94.0,2,2,0.0,3.0,2.0,5.0,4.0,9.0,1.0
BR-101,257.5,2,1,0.0,1.0,1.0,2.0,4.0,4.0,0.5
BR-262,97.0,2,1,0.0,1.0,4.0,5.0,4.0,10.0,0.5
BR-262,102.0,2,0,0.0,0.0,2.0,2.0,4.0,4.0,0.0
BR-101,257.6,2,2,0.0,3.0,1.0,4.0,4.0,5.0,1.0
BR-101,271.5,2,1,0.0,1.0,1.0,2.0,4.0,4.0,0.5
BR-101,121.0,2,1,0.0,2.0,1.0,3.0,3.0,4.0,0.5
BR-101,121.5,2,1,1.0,0.0,2.0,2.0,4.0,5.0,0.5
BR-101,122.1,2,1,1.0,0.0,1.0,1.0,4.0,4.0,0.5
BR-101,258.5,2,0,0.0,0.0,4.0,4.0,3.0,5.0,0.0
BR-262,116.0,2,0,0.0,0.0,1.0,1.0,4.0,5.0,0.0
BR-101,278.8,2,0,0.0,0.0,2.0,2.0,4.0,4.0,0.0
BR-101,272.0,2,0,0.0,0.0,2.0,2.0,3.0,3.0,0.0
BR-262,157.0,2,1,0.0,1.0,2.0,3.0,4.0,5.0,0.5
BR-101,190.0,2,0,0.0,0.0,2.0,2.0,2.0,2.0,0.0
BR-101,259.2,2,1,0.0,1.0,1.0,2.0,3.0,3.0,0.5
BR-262,162.0,2,1,0.0,1.0,2.0,3.0,4.0,6.0,0.5
BR-262,163.0,2,0,0.0,0.0,4.0,4.0,5.0,6.0,0.0
BR-101,195.3,2,2,1.0,1.0,1.0,2.0,4.0,6.0,1.0
BR-262,170.9,2,2,0.0,3.0,1.0,4.0,5.0,9.0,1.0
BR-262,172.0,2,0,0.0,0.0,3.0,3.0,3.0,4.0,0.0
BR-262,185.0,2,2,0.0,2.0,0.0,2.0,3.0,3.0,1.0
BR-101,5.0,2,0,0.0,0.0,2.0,2.0,4.0,4.0,0.0
BR-101,7.1,2,1,0.0,1.0,2.0,3.0,3.0,4.0,0.5
BR-101,8.0,2,1,0.0,1.0,1.0,2.0,3.0,3.0,0.5
BR-101,125.8,2,1,0.0,1.0,2.0,3.0,4.0,7.0,0.5
BR-101,10.0,2,0,0.0,0.0,2.0,2.0,2.0,3.0,0.0
BR-101,279.0,2,1,0.0,1.0,2.0,3.0,3.0,5.0,0.5
BR-393,0.8,2,1,0.0,1.0,2.0,3.0,4.0,5.0,0.5
BR-101,265.4,2,1,1.0,0.0,3.0,3.0,7.0,9.0,0.5
BR-101,141.2,2,0,0.0,0.0,1.0,1.0,6.0,5.0,0.0
BR-393,3.0,2,1,0.0,1.0,1.0,2.0,3.0,3.0,0.5
BR-101,137.6,1,0,0.0,0.0,1.0,1.0,1.0,2.0,0.0
BR-101,137.9,1,0,0.0,0.0,0.0,0.0,1.0,1.0,0.0
BR-101,138.5,1,0,0.0,0.0,2.0,2.0,2.0,3.0,0.0
BR-101,138.7,1,0,0.0,0.0,1.0,1.0,1.0,1.0,0.0
BR-101,138.9,1,0,0.0,0.0,1.0,1.0,2.0,2.0,0.0
BR-101,139.3,1,0,0.0,0.0,1.0,1.0,1.0,1.0,0.0
BR-101,140.1,1,0,0.0,0.0,1.0,1.0,2.0,2.0,0.0
BR-101,140.7,1,0,0.0,0.0,0.0,0.0,2.0,2.0,0.0
BR-101,140.9,1,1,1.0,0.0,0.0,0.0,4.0,5.0,1.0
BR-101,141.1,1,0,0.0,0.0,1.0,1.0,2.0,2.0,0.0
BR-101,141.7,1,0,0.0,0.0,2.0,2.0,1.0,2.0,0.0
BR-101,142.6,1,0,0.0,0.0,1.0,1.0,1.0,1.0,0.0
BR-101,142.9,1,0,0.0,0.0,2.0,2.0,2.0,2.0,0.0
BR-101,143.3,1,0,0.0,0.0,1.0,1.0,2.0,2.0,0.0
BR-101,143.4,1,0,0.0,0.0,1.0,1.0,2.0,2.0,0.0
BR-101,143.5,1,1,0.0,1.0,0.0,1.0,2.0,3.0,1.0
BR-101,143.6,1,0,0.0,0.0,2.0,2.0,2.0,3.0,0.0
BR-101,143.7,1,0,0.0,0.0,1.0,1.0,4.0,4.0,0.0
BR-101,143.8,1,0,0.0,0.0,2.0,2.0,2.0,3.0,0.0
BR-101,144.2,1,0,0.0,0.0,1.0,1.0,2.0,2.0,0.0
BR-101,144.4,1,0,0.0,0.0,1.0,1.0,3.0,4.0,0.0
BR-101,144.7,1,0,0.0,0.0,1.0,1.0,3.0,3.0,0.0
BR-101,144.9,1,0,0.0,0.0,1.0,1.0,3.0,3.0,0.0
BR-101,145.2,1,0,0.0,0.0,1.0,1.0,2.0,2.0,0.0
BR-101,145.3,1,1,1.0,0.0,1.0,1.0,5.0,6.0,1.0
BR-101,146.2,1,1,0.0,1.0,0.0,1.0,2.0,2.0,1.0
BR-101,146.9,1,0,0.0,0.0,0.0,0.0,2.0,2.0,0.0
BR-101,147.1,1,0,0.0,0.0,2.0,2.0,2.0,3.0,0.0
BR-101,147.2,1,0,0.0,0.0,1.0,1.0,2.0,2.0,0.0
BR-101,147.3,1,0,0.0,0.0,1.0,1.0,2.0,2.0,0.0
BR-101,147.4,1,0,0.0,0.0,1.0,1.0,2.0,2.0,0.0
BR-101,147.9,1,0,0.0,0.0,1.0,1.0,2.0,2.0,0.0
BR-101,148.2,1,0,0.0,0.0,1.0,1.0,1.0,1.0,0.0
BR-101,148.3,1,0,0.0,0.0,1.0,1.0,2.0,2.0,0.0
BR-101,148.4,1,0,0.0,0.0,2.0,2.0,2.0,3.0,0.0
BR-101,148.8,1,0,0.0,0.0,1.0,1.0,2.0,2.0,0.0
BR-101,149.4,1,0,0.0,0.0,1.0,1.0,2.0,2.0,0.0
BR-101,149.5,1,1,0.0,1.0,0.0,1.0,2.0,2.0,1.0
BR-101,149.9,1,1,0.0,1.0,0.0,1.0,3.0,3.0,1.0
BR-101,150.2,1,0,0.0,0.0,1.0,1.0,2.0,2.0,0.0
BR-101,150.6,1,1,0.0,1.0,2.0,3.0,2.0,4.0,1.0
BR-101,151.6,1,0,0.0,0.0,0.0,0.0,2.0,2.0,0.0
BR-101,151.9,1,1,0.0,1.0,0.0,1.0,1.0,2.0,1.0
BR-101,152.3,1,0,0.0,0.0,0.0,0.0,3.0,3.0,0.0
BR-101,152.9,1,0,0.0,0.0,2.0,2.0,4.0,4.0,0.0
BR-101,153.6,1,0,0.0,0.0,0.0,0.0,3.0,3.0,0.0
BR-101,155.0,1,0,0.0,0.0,1.0,1.0,2.0,4.0,0.0
BR-101,155.4,1,0,0.0,0.0,1.0,1.0,1.0,1.0,0.0
BR-101,155.7,1,0,0.0,0.0,1.0,1.0,2.0,2.0,0.0
BR-101,156.5,1,0,0.0,0.0,1.0,1.0,2.0,2.0,0.0
BR-101,156.9,1,1,0.0,2.0,0.0,2.0,2.0,3.0,1.0
BR-101,157.0,1,0,0.0,0.0,1.0,1.0,1.0,1.0,0.0
BR-101,157.2,1,0,0.0,0.0,1.0,1.0,2.0,3.0,0.0
BR-101,157.4,1,0,0.0,0.0,1.0,1.0,2.0,2.0,0.0
BR-101,157.8,1,0,0.0,0.0,1.0,1.0,1.0,1.0,0.0
BR-101,157.9,1,0,0.0,0.0,0.0,0.0,2.0,5.0,0.0
BR-101,159.1,1,0,0.0,0.0,1.0,1.0,2.0,2.0,0.0
BR-101,159.2,1,0,0.0,0.0,1.0,1.0,1.0,1.0,0.0
BR-101,159.4,1,0,0.0,0.0,2.0,2.0,2.0,3.0,0.0
BR-101,159.5,1,0,0.0,0.0,0.0,0.0,2.0,2.0,0.0
BR-101,159.8,1,1,0.0,1.0,0.0,1.0,1.0,1.0,1.0
BR-101,159.9,1,0,0.0,0.0,2.0,2.0,2.0,3.0,0.0
BR-101,160.0,1,0,0.0,0.0,1.0,1.0,2.0,2.0,0.0
BR-101,160.2,1,1,0.0,2.0,1.0,3.0,2.0,3.0,1.0
BR-101,160.9,1,1,0.0,1.0,0.0,1.0,1.0,1.0,1.0
BR-101,161.1,1,1,1.0,0.0,0.0,0.0,2.0,2.0,1.0
BR-101,161.2,1,1,0.0,2.0,0.0,2.0,2.0,2.0,1.0
BR-101,162.1,1,0,0.0,0.0,1.0,1.0,2.0,3.0,0.0
BR-101,162.9,1,0,0.0,0.0,1.0,1.0,2.0,2.0,0.0
BR-101,164.3,1,0,0.0,0.0,1.0,1.0,1.0,1.0,0.0
BR-101,164.5,1,1,1.0,0.0,0.0,0.0,2.0,2.0,1.0
BR-101,165.0,1,1,0.0,1.0,0.0,1.0,2.0,2.0,1.0
BR-101,165.2,1,0,0.0,0.0,1.0,1.0,2.0,2.0,0.0
BR-101,165.9,1,1,1.0,0.0,0.0,0.0,2.0,2.0,1.0
BR-101,166.5,1,0,0.0,0.0,2.0,2.0,2.0,6.0,0.0
BR-101,167.5,1,0,0.0,0.0,1.0,1.0,2.0,2.0,0.0
BR-101,168.0,1,0,0.0,0.0,3.0,3.0,2.0,5.0,0.0
BR-101,168.3,1,0,0.0,0.0,1.0,1.0,3.0,3.0,0.0
BR-101,168.5,1,1,0.0,1.0,0.0,1.0,2.0,2.0,1.0
BR-101,169.0,1,1,0.0,1.0,1.0,2.0,2.0,3.0,1.0
BR-101,169.2,1,0,0.0,0.0,1.0,1.0,1.0,1.0,0.0
BR-101,169.3,1,0,0.0,0.0,1.0,1.0,2.0,2.0,0.0
BR-101,169.4,1,0,0.0,0.0,1.0,1.0,2.0,3.0,0.0
BR-101,169.5,1,1,1.0,0.0,0.0,0.0,2.0,2.0,1.0
BR-101,170.0,1,1,0.0,1.0,0.0,1.0,2.0,2.0,1.0
BR-101,170.3,1,1,0.0,1.0,0.0,1.0,1.0,2.0,1.0
BR-101,170.8,1,0,0.0,0.0,1.0,1.0,1.0,1.0,0.0
BR-101,172.9,1,1,0.0,2.0,0.0,2.0,2.0,4.0,1.0
BR-101,173.0,1,0,0.0,0.0,1.0,1.0,4.0,3.0,0.0
BR-101,173.5,1,0,0.0,0.0,1.0,1.0,9.0,9.0,0.0
BR-101,174.0,1,0,0.0,0.0,0.0,0.0,2.0,4.0,0.0
BR-101,174.7,1,1,0.0,1.0,1.0,2.0,2.0,3.0,1.0
BR-101,175.0,1,0,0.0,0.0,1.0,1.0,1.0,1.0,0.0
BR-101,176.4,1,0,0.0,0.0,1.0,1.0,3.0,3.0,0.0
BR-101,176.5,1,0,0.0,0.0,1.0,1.0,2.0,6.0,0.0
BR-101,176.7,1,1,0.0,1.0,0.0,1.0,1.0,1.0,1.0
BR-101,179.0,1,0,0.0,0.0,1.0,1.0,1.0,1.0,0.0
BR-101,179.2,1,0,0.0,0.0,1.0,1.0,2.0,2.0,0.0
BR-101,179.4,1,1,0.0,1.0,1.0,2.0,2.0,3.0,1.0
BR-101,180.0,1,0,0.0,0.0,3.0,3.0,2.0,4.0,0.0
BR-101,182.5,1,0,0.0,0.0,1.0,1.0,2.0,2.0,0.0
BR-101,183.5,1,0,0.0,0.0,2.0,2.0,1.0,2.0,0.0
BR-101,184.0,1,1,0.0,2.0,0.0,2.0,2.0,3.0,1.0
BR-101,185.0,1,1,0.0,2.0,0.0,2.0,2.0,3.0,1.0
BR-101,186.4,1,0,0.0,0.0,2.0,2.0,1.0,2.0,0.0
BR-101,186.5,1,0,0.0,0.0,0.0,0.0,1.0,1.0,0.0
BR-101,187.0,1,0,0.0,0.0,1.0,1.0,1.0,1.0,0.0
BR-101,188.0,1,1,0.0,1.0,0.0,1.0,2.0,2.0,1.0
BR-101,188.1,1,0,0.0,0.0,1.0,1.0,1.0,1.0,0.0
BR-101,189.9,1,0,0.0,0.0,1.0,1.0,2.0,2.0,0.0
BR-101,192.9,1,0,0.0,0.0,2.0,2.0,3.0,4.0,0.0
BR-101,194.8,1,1,0.0,1.0,0.0,1.0,1.0,2.0,1.0
BR-101,196.8,1,0,0.0,0.0,2.0,2.0,1.0,2.0,0.0
BR-101,198.7,1,0,0.0,0.0,1.0,1.0,1.0,1.0,0.0
BR-101,199.0,1,1,0.0,1.0,0.0,1.0,5.0,4.0,1.0
BR-101,202.0,1,0,0.0,0.0,1.0,1.0,2.0,2.0,0.0
BR-101,202.9,1,0,0.0,0.0,1.0,1.0,3.0,3.0,0.0
BR-101,203.0,1,0,0.0,0.0,0.0,0.0,1.0,1.0,0.0
BR-101,204.7,1,0,0.0,0.0,1.0,1.0,2.0,2.0,0.0
BR-101,205.1,1,0,0.0,0.0,1.0,1.0,2.0,2.0,0.0
BR-101,205.4,1,1,0.0,1.0,0.0,1.0,2.0,2.0,1.0
BR-101,205.5,1,1,1.0,2.0,0.0,2.0,2.0,3.0,1.0
BR-101,205.6,1,1,0.0,1.0,0.0,1.0,1.0,2.0,1.0
BR-101,206.0,1,0,0.0,0.0,1.0,1.0,1.0,2.0,0.0
BR-101,206.5,1,0,0.0,0.0,1.0,1.0,1.0,3.0,0.0
BR-101,207.9,1,0,0.0,0.0,1.0,1.0,1.0,1.0,0.0
BR-101,208.3,1,1,1.0,0.0,0.0,0.0,3.0,3.0,1.0
BR-101,210.4,1,1,1.0,2.0,1.0,3.0,1.0,4.0,1.0
BR-101,211.2,1,1,0.0,1.0,0.0,1.0,2.0,2.0,1.0
BR-101,211.4,1,0,0.0,0.0,1.0,1.0,2.0,2.0,0.0
BR-101,211.6,1,0,0.0,0.0,3.0,3.0,2.0,5.0,0.0
BR-101,212.6,1,1,0.0,1.0,0.0,1.0,2.0,2.0,1.0
BR-101,212.8,1,1,0.0,1.0,0.0,1.0,2.0,2.0,1.0
BR-101,213.6,1,0,0.0,0.0,0.0,0.0,2.0,2.0,0.0
BR-101,214.2,1,0,0.0,0.0,1.0,1.0,2.0,2.0,0.0
BR-101,214.9,1,0,0.0,0.0,1.0,1.0,2.0,2.0,0.0
BR-101,215.8,1,0,0.0,0.0,1.0,1.0,1.0,1.0,0.0
BR-101,215.9,1,0,0.0,0.0,1.0,1.0,1.0,1.0,0.0
BR-101,218.9,1,1,1.0,0.0,0.0,0.0,2.0,3.0,1.0
BR-101,219.2,1,0,0.0,0.0,1.0,1.0,1.0,2.0,0.0
BR-101,219.6,1,0,0.0,0.0,1.0,1.0,2.0,3.0,0.0
BR-101,221.0,1,0,0.0,0.0,0.0,0.0,4.0,8.0,0.0
BR-101,221.2,1,0,0.0,0.0,1.0,1.0,1.0,2.0,0.0
BR-101,221.4,1,0,0.0,0.0,1.0,1.0,3.0,4.0,0.0
BR-101,222.2,1,0,0.0,0.0,2.0,2.0,3.0,3.0,0.0
BR-101,222.7,1,1,0.0,1.0,0.0,1.0,2.0,2.0,1.0
BR-101,223.4,1,0,0.0,0.0,1.0,1.0,2.0,2.0,0.0
BR-101,223.6,1,0,0.0,0.0,1.0,1.0,2.0,5.0,0.0
BR-101,224.5,1,0,0.0,0.0,2.0,2.0,1.0,2.0,0.0
BR-101,224.7,1,0,0.0,0.0,1.0,1.0,1.0,1.0,0.0
BR-101,226.0,1,0,0.0,0.0,2.0,2.0,3.0,3.0,0.0
BR-101,228.1,1,1,0.0,1.0,1.0,2.0,2.0,3.0,1.0
BR-101,228.6,1,0,0.0,0.0,0.0,0.0,2.0,2.0,0.0
BR-101,228.8,1,0,0.0,0.0,2.0,2.0,4.0,6.0,0.0
BR-101,229.6,1,0,0.0,0.0,1.0,1.0,2.0,2.0,0.0
BR-101,229.8,1,1,0.0,1.0,1.0,2.0,4.0,4.0,1.0
BR-101,230.0,1,0,0.0,0.0,1.0,1.0,5.0,4.0,0.0
BR-101,230.2,1,0,0.0,0.0,1.0,1.0,2.0,3.0,0.0
BR-101,230.3,1,1,1.0,1.0,0.0,1.0,4.0,5.0,1.0
BR-101,230.4,1,0,0.0,0.0,2.0,2.0,2.0,3.0,0.0
BR-101,230.9,1,0,0.0,0.0,1.0,1.0,2.0,3.0,0.0
BR-101,231.1,1,0,0.0,0.0,1.0,1.0,3.0,4.0,0.0
BR-101,232.0,1,0,0.0,0.0,2.0,2.0,2.0,2.0,0.0
BR-101,232.1,1,0,0.0,0.0,1.0,1.0,2.0,2.0,0.0
BR-101,232.2,1,0,0.0,0.0,3.0,3.0,2.0,5.0,0.0
BR-101,232.3,1,1,0.0,1.0,1.0,2.0,1.0,2.0,1.0
BR-101,232.7,1,0,0.0,0.0,2.0,2.0,4.0,4.0,0.0
BR-101,232.8,1,0,0.0,0.0,1.0,1.0,1.0,1.0,0.0
BR-101,234.0,1,1,2.0,1.0,1.0,2.0,3.0,5.0,1.0
BR-101,235.8,1,1,0.0,1.0,0.0,1.0,1.0,1.0,1.0
BR-101,236.2,1,0,0.0,0.0,2.0,2.0,2.0,3.0,0.0
BR-101,236.5,1,1,0.0,1.0,0.0,1.0,2.0,2.0,1.0
BR-101,236.9,1,0,0.0,0.0,1.0,1.0,2.0,3.0,0.0
BR-101,237.0,1,0,0.0,0.0,1.0,1.0,2.0,4.0,0.0
BR-101,237.9,1,1,1.0,0.0,0.0,0.0,3.0,3.0,1.0
BR-101,238.0,1,0,0.0,0.0,1.0,1.0,1.0,1.0,0.0
BR-101,238.5,1,1,0.0,1.0,0.0,1.0,3.0,3.0,1.0
BR-101,239.5,1,0,0.0,0.0,1.0,1.0,2.0,2.0,0.0
BR-101,239.8,1,1,0.0,1.0,0.0,1.0,2.0,2.0,1.0
BR-101,239.9,1,0,0.0,0.0,0.0,0.0,1.0,1.0,0.0
BR-101,240.0,1,1,0.0,1.0,0.0,1.0,2.0,2.0,1.0
BR-101,240.6,1,1,1.0,0.0,0.0,0.0,2.0,2.0,1.0
BR-101,241.4,1,1,0.0,1.0,0.0,1.0,2.0,2.0,1.0
BR-101,241.9,1,0,0.0,0.0,1.0,1.0,1.0,1.0,0.0
BR-101,242.7,1,1,1.0,1.0,0.0,1.0,5.0,3.0,1.0
BR-101,245.0,1,0,0.0,0.0,1.0,1.0,1.0,1.0,0.0
BR-101,245.3,1,0,0.0,0.0,3.0,3.0,2.0,4.0,0.0
BR-101,245.5,1,0,0.0,0.0,0.0,0.0,2.0,2.0,0.0
BR-101,245.6,1,1,0.0,1.0,0.0,1.0,1.0,1.0,1.0
BR-101,245.9,1,0,0.0,0.0,0.0,0.0,1.0,1.0,0.0
BR-101,246.0,1,1,1.0,1.0,0.0,1.0,3.0,5.0,1.0
BR-101,247.9,1,0,0.0,0.0,0.0,0.0,1.0,1.0,0.0
BR-101,249.7,1,1,0.0,2.0,0.0,2.0,3.0,5.0,1.0
BR-101,249.8,1,1,0.0,1.0,1.0,2.0,3.0,5.0,1.0
BR-101,251.9,1,0,0.0,0.0,1.0,1.0,1.0,1.0,0.0
BR-101,252.3,1,1,0.0,1.0,0.0,1.0,1.0,1.0,1.0
BR-101,252.9,1,1,0.0,1.0,0.0,1.0,1.0,1.0,1.0
BR-101,253.0,1,0,0.0,0.0,0.0,0.0,2.0,2.0,0.0
BR-101,254.8,1,0,0.0,0.0,1.0,1.0,2.0,2.0,0.0
BR-101,256.9,1,0,0.0,0.0,2.0,2.0,2.0,4.0,0.0
BR-101,257.3,1,1,0.0,1.0,0.0,1.0,2.0,2.0,1.0
BR-101,257.8,1,0,0.0,0.0,1.0,1.0,2.0,3.0,0.0
BR-101,258.6,1,0,0.0,0.0,1.0,1.0,1.0,3.0,0.0
BR-101,258.8,1,0,0.0,0.0,1.0,1.0,1.0,1.0,0.0
BR-101,259.4,1,1,1.0,0.0,0.0,0.0,2.0,2.0,1.0
BR-101,259.5,1,0,0.0,0.0,1.0,1.0,2.0,2.0,0.0
BR-101,259.7,1,0,0.0,0.0,2.0,2.0,2.0,3.0,0.0
BR-101,260.4,1,0,0.0,0.0,2.0,2.0,1.0,2.0,0.0
BR-101,261.2,1,1,0.0,1.0,0.0,1.0,2.0,2.0,1.0
BR-101,261.3,1,0,0.0,0.0,1.0,1.0,8.0,12.0,0.0
BR-101,261.9,1,0,0.0,0.0,2.0,2.0,1.0,2.0,0.0
BR-101,262.4,1,0,0.0,0.0,1.0,1.0,1.0,2.0,0.0
BR-101,262.5,1,0,0.0,0.0,1.0,1.0,2.0,2.0,0.0
BR-101,262.7,1,0,0.0,0.0,2.0,2.0,3.0,3.0,0.0
BR-101,262.8,1,0,0.0,0.0,1.0,1.0,2.0,2.0,0.0
BR-101,262.9,1,0,0.0,0.0,1.0,1.0,2.0,2.0,0.0
BR-101,264.3,1,1,0.0,2.0,1.0,3.0,3.0,4.0,1.0
BR-101,264.4,1,1,0.0,1.0,0.0,1.0,2.0,3.0,1.0
BR-101,264.8,1,1,0.0,1.0,0.0,1.0,1.0,1.0,1.0
BR-101,266.6,1,0,0.0,0.0,1.0,1.0,1.0,1.0,0.0
BR-101,266.8,1,0,0.0,0.0,1.0,1.0,1.0,1.0,0.0
BR-101,267.6,1,0,0.0,0.0,1.0,1.0,2.0,3.0,0.0
BR-101,267.7,1,0,0.0,0.0,1.0,1.0,2.0,2.0,0.0
BR-101,268.1,1,0,0.0,0.0,2.0,2.0,3.0,3.0,0.0
BR-101,269.1,1,0,0.0,0.0,1.0,1.0,2.0,2.0,0.0
BR-101,269.2,1,0,0.0,0.0,2.0,2.0,2.0,2.0,0.0
BR-101,269.7,1,0,0.0,0.0,1.0,1.0,3.0,5.0,0.0
BR-101,270.1,1,0,0.0,0.0,1.0,1.0,2.0,2.0,0.0
BR-101,271.3,1,0,0.0,0.0,1.0,1.0,3.0,3.0,0.0
BR-101,271.9,1,0,0.0,0.0,1.0,1.0,2.0,2.0,0.0
BR-101,272.4,1,0,0.0,0.0,1.0,1.0,3.0,2.0,0.0
BR-101,272.5,1,0,0.0,0.0,1.0,1.0,3.0,4.0,0.0
BR-101,273.0,1,1,0.0,1.0,0.0,1.0,3.0,3.0,1.0
BR-101,273.2,1,0,0.0,0.0,0.0,0.0,2.0,13.0,0.0
BR-101,273.3,1,1,0.0,1.0,0.0,1.0,1.0,1.0,1.0
BR-101,273.4,1,1,0.0,1.0,0.0,1.0,2.0,2.0,1.0
BR-101,273.9,1,0,0.0,0.0,2.0,2.0,1.0,2.0,0.0
BR-101,274.4,1,0,0.0,0.0,0.0,0.0,1.0,1.0,0.0
BR-101,274.5,1,1,0.0,1.0,0.0,1.0,1.0,1.0,1.0
BR-101,275.1,1,0,0.0,0.0,1.0,1.0,1.0,2.0,0.0
BR-101,275.5,1,0,0.0,0.0,2.0,2.0,1.0,3.0,0.0
BR-101,276.2,1,0,0.0,0.0,1.0,1.0,2.0,2.0,0.0
BR-101,276.3,1,1,1.0,0.0,0.0,0.0,2.0,2.0,1.0
BR-101,276.9,1,0,0.0,0.0,1.0,1.0,3.0,3.0,0.0
BR-101,277.0,1,0,0.0,0.0,1.0,1.0,1.0,2.0,0.0
BR-101,277.1,1,0,0.0,0.0,1.0,1.0,2.0,2.0,0.0
BR-101,278.6,1,1,0.0,1.0,0.0,1.0,2.0,2.0,1.0
BR-101,279.1,1,0,0.0,0.0,1.0,1.0,3.0,3.0,0.0
BR-101,279.2,1,0,0.0,0.0,1.0,1.0,2.0,2.0,0.0
BR-101,279.3,1,0,0.0,0.0,2.0,2.0,2.0,3.0,0.0
BR-101,280.3,1,0,0.0,0.0,1.0,1.0,3.0,3.0,0.0
BR-101,280.5,1,0,0.0,0.0,1.0,1.0,1.0,1.0,0.0
BR-101,280.8,1,1,0.0,1.0,0.0,1.0,1.0,1.0,1.0
BR-101,280.9,1,0,0.0,0.0,1.0,1.0,1.0,1.0,0.0
BR-101,281.4,1,0,0.0,0.0,1.0,1.0,3.0,3.0,0.0
BR-101,281.8,1,0,0.0,0.0,2.0,2.0,1.0,2.0,0.0
BR-101,281.9,1,0,0.0,0.0,2.0,2.0,1.0,2.0,0.0
BR-101,282.1,1,1,0.0,1.0,0.0,1.0,2.0,2.0,1.0
BR-101,282.3,1,0,0.0,0.0,1.0,1.0,1.0,1.0,0.0
BR-101,282.5,1,0,0.0,0.0,1.0,1.0,1.0,2.0,0.0
BR-101,282.8,1,1,0.0,1.0,1.0,2.0,2.0,2.0,1.0
BR-101,283.9,1,0,0.0,0.0,1.0,1.0,6.0,6.0,0.0
BR-101,284.1,1,1,0.0,1.0,0.0,1.0,2.0,2.0,1.0
BR-101,284.3,1,0,0.0,0.0,2.0,2.0,1.0,2.0,0.0
BR-101,284.6,1,1,0.0,1.0,1.0,2.0,1.0,2.0,1.0
BR-101,284.8,1,0,0.0,0.0,2.0,2.0,2.0,5.0,0.0
BR-101,285.2,1,0,0.0,0.0,1.0,1.0,2.0,2.0,0.0
BR-101,285.3,1,1,0.0,1.0,0.0,1.0,3.0,3.0,1.0
BR-101,285.6,1,0,0.0,0.0,2.0,2.0,3.0,5.0,0.0
BR-101,285.7,1,0,0.0,0.0,2.0,2.0,1.0,4.0,0.0
BR-101,286.5,1,0,0.0,0.0,2.0,2.0,1.0,2.0,0.0
BR-101,286.7,1,1,0.0,1.0,0.0,1.0,2.0,2.0,1.0
BR-101,286.8,1,1,0.0,1.0,0.0,1.0,1.0,1.0,1.0
BR-101,10.8,1,1,1.0,0.0,1.0,1.0,2.0,3.0,1.0
BR-101,287.2,1,1,0.0,1.0,0.0,1.0,2.0,3.0,1.0
BR-393,5.7,1,0,0.0,0.0,1.0,1.0,1.0,1.0,0.0
BR-101,287.4,1,0,0.0,0.0,2.0,2.0,2.0,3.0,0.0
BR-101,287.5,1,0,0.0,0.0,0.0,0.0,1.0,1.0,0.0
BR-101,287.6,1,1,0.0,1.0,3.0,4.0,2.0,6.0,1.0
BR-101,287.8,1,0,0.0,0.0,0.0,0.0,1.0,1.0,0.0
BR-101,287.9,1,0,0.0,0.0,1.0,1.0,2.0,2.0,0.0
BR-393,4.0,1,1,0.0,1.0,0.0,1.0,1.0,1.0,1.0
BR-101,4.3,1,0,0.0,0.0,0.0,0.0,1.0,3.0,0.0
BR-484,98.0,1,1,0.0,1.0,0.0,1.0,2.0,2.0,1.0
BR-101,0.0,1,0,0.0,0.0,0.0,0.0,2.0,3.0,0.0
BR-393,7.2,1,1,0.0,1.0,0.0,1.0,1.0,1.0,1.0
BR-393,8.0,1,1,0.0,1.0,0.0,1.0,1.0,1.0,1.0
BR-393,8.2,1,1,0.0,1.0,0.0,1.0,1.0,1.0,1.0
BR-393,11.2,1,1,0.0,1.0,0.0,1.0,2.0,2.0,1.0
BR-393,16.6,1,1,0.0,1.0,1.0,2.0,1.0,2.0,1.0
BR-101,289.2,1,0,0.0,0.0,1.0,1.0,2.0,2.0,0.0
BR-393,26.0,1,0,0.0,0.0,1.0,1.0,1.0,1.0,0.0
BR-393,27.3,1,1,0.0,1.0,0.0,1.0,2.0,2.0,1.0
BR-101,289.6,1,0,0.0,0.0,1.0,1.0,2.0,2.0,0.0
BR-393,36.3,1,0,0.0,0.0,1.0,1.0,1.0,1.0,0.0
BR-393,37.0,1,1,0.0,1.0,0.0,1.0,2.0,3.0,1.0
BR-447,13.9,1,0,0.0,0.0,1.0,1.0,2.0,2.0,0.0
BR-447,15.0,1,0,0.0,0.0,2.0,2.0,2.0,3.0,0.0
BR-101,290.1,1,1,0.0,1.0,0.0,1.0,2.0,2.0,1.0
BR-447,15.3,1,0,0.0,0.0,1.0,1.0,2.0,2.0,0.0
BR-101,290.4,1,0,0.0,0.0,1.0,1.0,2.0,2.0,0.0
BR-447,15.6,1,1,1.0,0.0,0.0,0.0,2.0,2.0,1.0
BR-101,290.6,1,0,0.0,0.0,2.0,2.0,2.0,3.0,0.0
BR-101,1.5,1,0,0.0,0.0,2.0,2.0,1.0,2.0,0.0
BR-101,11.0,1,0,0.0,0.0,2.0,2.0,3.0,5.0,0.0
BR-101,12.0,1,0,0.0,0.0,2.0,2.0,2.0,3.0,0.0
BR-101,291.1,1,1,0.0,2.0,0.0,2.0,2.0,3.0,1.0
BR-101,291.2,1,0,0.0,0.0,2.0,2.0,1.0,2.0,0.0
BR-101,291.6,1,0,0.0,0.0,1.0,1.0,2.0,2.0,0.0
BR-101,291.7,1,0,0.0,0.0,1.0,1.0,2.0,2.0,0.0
BR-101,12.4,1,0,0.0,0.0,0.0,0.0,2.0,2.0,0.0
BR-101,12.5,1,0,0.0,0.0,0.0,0.0,1.0,1.0,0.0
BR-101,13.5,1,0,0.0,0.0,1.0,1.0,2.0,2.0,0.0
BR-101,292.1,1,1,0.0,1.0,0.0,1.0,2.0,3.0,1.0
BR-101,292.5,1,0,0.0,0.0,1.0,1.0,2.0,2.0,0.0
BR-101,292.7,1,1,0.0,1.0,0.0,1.0,2.0,2.0,1.0
BR-101,14.6,1,0,0.0,0.0,0.0,0.0,1.0,1.0,0.0
BR-101,292.9,1,0,0.0,0.0,1.0,1.0,4.0,4.0,0.0
BR-101,14.8,1,0,0.0,0.0,1.0,1.0,1.0,1.0,0.0
BR-101,15.2,1,1,0.0,1.0,1.0,2.0,2.0,4.0,1.0
BR-101,293.6,1,0,0.0,0.0,1.0,1.0,2.0,2.0,0.0
BR-101,293.7,1,0,0.0,0.0,1.0,1.0,1.0,1.0,0.0
BR-101,16.0,1,1,0.0,1.0,0.0,1.0,4.0,3.0,1.0
BR-101,293.9,1,0,0.0,0.0,2.0,2.0,2.0,3.0,0.0
BR-101,16.1,1,1,0.0,2.0,0.0,2.0,2.0,4.0,1.0
BR-101,294.1,1,1,0.0,1.0,0.0,1.0,2.0,3.0,1.0
BR-101,294.3,1,1,0.0,1.0,1.0,2.0,4.0,5.0,1.0
BR-101,16.5,1,0,0.0,0.0,1.0,1.0,3.0,3.0,0.0
BR-101,16.7,1,0,0.0,0.0,0.0,0.0,2.0,2.0,0.0
BR-101,17.0,1,1,0.0,1.0,0.0,1.0,1.0,1.0,1.0
BR-101,17.8,1,0,0.0,0.0,1.0,1.0,3.0,3.0,0.0
BR-101,17.9,1,0,0.0,0.0,1.0,1.0,2.0,3.0,0.0
BR-101,18.5,1,1,0.0,1.0,0.0,1.0,1.0,1.0,1.0
BR-101,18.8,1,0,0.0,0.0,2.0,2.0,3.0,7.0,0.0
BR-101,295.3,1,1,0.0,1.0,0.0,1.0,2.0,2.0,1.0
BR-101,18.9,1,1,0.0,1.0,0.0,1.0,1.0,1.0,1.0
BR-101,19.0,1,0,0.0,0.0,1.0,1.0,1.0,2.0,0.0
BR-101,19.8,1,0,0.0,0.0,3.0,3.0,4.0,5.0,0.0
BR-101,20.0,1,1,1.0,0.0,1.0,1.0,5.0,5.0,1.0
BR-101,296.8,1,0,0.0,0.0,1.0,1.0,1.0,1.0,0.0
BR-101,24.8,1,0,0.0,0.0,3.0,3.0,1.0,3.0,0.0
BR-101,25.0,1,0,0.0,0.0,2.0,2.0,2.0,3.0,0.0
BR-101,25.5,1,0,0.0,0.0,2.0,2.0,2.0,2.0,0.0
BR-101,26.0,1,0,0.0,0.0,0.0,0.0,1.0,1.0,0.0
BR-101,26.6,1,1,1.0,0.0,4.0,4.0,3.0,6.0,1.0
BR-101,28.0,1,0,0.0,0.0,1.0,1.0,3.0,2.0,0.0
BR-101,28.3,1,0,0.0,0.0,3.0,3.0,3.0,6.0,0.0
BR-101,297.9,1,0,0.0,0.0,1.0,1.0,2.0,2.0,0.0
BR-101,28.9,1,0,0.0,0.0,1.0,1.0,2.0,2.0,0.0
BR-101,298.1,1,0,0.0,0.0,1.0,1.0,3.0,3.0,0.0
BR-101,29.5,1,1,0.0,3.0,1.0,4.0,1.0,4.0,1.0
BR-101,298.3,1,1,0.0,1.0,0.0,1.0,1.0,1.0,1.0
BR-101,29.7,1,1,1.0,2.0,0.0,2.0,3.0,5.0,1.0
BR-101,29.9,1,0,0.0,0.0,2.0,2.0,2.0,3.0,0.0
BR-101,298.6,1,0,0.0,0.0,1.0,1.0,2.0,2.0,0.0
BR-101,298.8,1,1,1.0,0.0,0.0,0.0,3.0,3.0,1.0
BR-101,31.5,1,1,1.0,0.0,0.0,0.0,4.0,4.0,1.0
BR-101,32.4,1,1,1.0,0.0,0.0,0.0,2.0,2.0,1.0
BR-101,299.3,1,0,0.0,0.0,1.0,1.0,2.0,2.0,0.0
BR-101,299.5,1,0,0.0,0.0,1.0,1.0,2.0,2.0,0.0
BR-101,35.0,1,1,0.0,1.0,0.0,1.0,4.0,3.0,1.0
BR-101,35.1,1,0,0.0,0.0,1.0,1.0,1.0,1.0,0.0
BR-101,35.4,1,1,0.0,1.0,0.0,1.0,4.0,3.0,1.0
BR-101,300.0,1,0,0.0,0.0,1.0,1.0,1.0,2.0,0.0
BR-101,36.0,1,0,0.0,0.0,1.0,1.0,2.0,2.0,0.0
BR-101,300.2,1,0,0.0,0.0,1.0,1.0,1.0,1.0,0.0
BR-101,300.8,1,0,0.0,0.0,1.0,1.0,1.0,1.0,0.0
BR-101,37.2,1,0,0.0,0.0,1.0,1.0,2.0,3.0,0.0
BR-101,301.6,1,0,0.0,0.0,1.0,1.0,2.0,3.0,0.0
BR-101,37.6,1,0,0.0,0.0,1.0,1.0,2.0,2.0,0.0
BR-101,302.0,1,0,0.0,0.0,1.0,1.0,1.0,1.0,0.0
BR-101,37.8,1,1,0.0,1.0,1.0,2.0,3.0,3.0,1.0
BR-101,303.0,1,0,0.0,0.0,0.0,0.0,2.0,2.0,0.0
BR-101,303.3,1,0,0.0,0.0,1.0,1.0,3.0,3.0,0.0
BR-101,303.4,1,1,2.0,0.0,0.0,0.0,2.0,3.0,1.0
BR-101,303.5,1,0,0.0,0.0,1.0,1.0,1.0,3.0,0.0
BR-101,39.9,1,0,0.0,0.0,1.0,1.0,2.0,2.0,0.0
BR-101,41.0,1,0,0.0,0.0,0.0,0.0,1.0,2.0,0.0
BR-101,304.5,1,1,0.0,1.0,0.0,1.0,2.0,4.0,1.0
BR-101,304.6,1,0,0.0,0.0,1.0,1.0,3.0,3.0,0.0
BR-101,304.8,1,0,0.0,0.0,1.0,1.0,1.0,1.0,0.0
BR-101,304.9,1,1,0.0,1.0,1.0,2.0,2.0,2.0,1.0
BR-101,305.1,1,0,0.0,0.0,1.0,1.0,1.0,1.0,0.0
BR-101,305.7,1,1,0.0,1.0,0.0,1.0,2.0,2.0,1.0
BR-101,306.0,1,0,0.0,0.0,1.0,1.0,2.0,2.0,0.0
BR-101,306.5,1,0,0.0,0.0,0.0,0.0,1.0,1.0,0.0
BR-101,306.8,1,0,0.0,0.0,1.0,1.0,2.0,2.0,0.0
BR-101,307.0,1,1,0.0,1.0,0.0,1.0,2.0,2.0,1.0
BR-101,41.5,1,0,0.0,0.0,0.0,0.0,1.0,1.0,0.0
BR-101,308.2,1,1,0.0,1.0,0.0,1.0,2.0,3.0,1.0
BR-101,308.6,1,1,1.0,0.0,0.0,0.0,2.0,3.0,1.0
BR-101,309.0,1,1,0.0,1.0,0.0,1.0,6.0,4.0,1.0
BR-101,42.6,1,0,0.0,0.0,1.0,1.0,1.0,1.0,0.0
BR-101,311.0,1,0,0.0,0.0,0.0,0.0,1.0,1.0,0.0
BR-101,311.6,1,1,1.0,0.0,1.0,1.0,4.0,4.0,1.0
BR-101,311.9,1,1,1.0,0.0,0.0,0.0,2.0,2.0,1.0
BR-101,312.0,1,0,0.0,0.0,1.0,1.0,2.0,2.0,0.0
BR-101,313.0,1,1,1.0,0.0,0.0,0.0,4.0,3.0,1.0
BR-101,313.2,1,0,0.0,0.0,1.0,1.0,1.0,1.0,0.0
BR-101,46.9,1,1,1.0,0.0,0.0,0.0,5.0,3.0,1.0
BR-101,314.1,1,0,0.0,0.0,1.0,1.0,2.0,2.0,0.0
BR-101,314.2,1,0,0.0,0.0,1.0,1.0,2.0,2.0,0.0
BR-101,48.0,1,0,0.0,0.0,1.0,1.0,2.0,3.0,0.0
BR-101,315.4,1,1,1.0,0.0,0.0,0.0,2.0,2.0,1.0
BR-101,49.7,1,0,0.0,0.0,1.0,1.0,4.0,3.0,0.0
BR-101,318.0,1,0,0.0,0.0,2.0,2.0,2.0,3.0,0.0
BR-101,319.7,1,0,0.0,0.0,1.0,1.0,1.0,1.0,0.0
BR-101,51.4,1,0,0.0,0.0,1.0,1.0,1.0,2.0,0.0
BR-101,321.0,1,0,0.0,0.0,2.0,2.0,1.0,2.0,0.0
BR-101,321.4,1,1,0.0,1.0,0.0,1.0,2.0,2.0,1.0
BR-101,321.7,1,0,0.0,0.0,9.0,9.0,2.0,10.0,0.0
BR-101,322.0,1,0,0.0,0.0,0.0,0.0,1.0,1.0,0.0
BR-101,325.0,1,0,0.0,0.0,2.0,2.0,1.0,2.0,0.0
BR-101,52.0,1,0,0.0,0.0,1.0,1.0,2.0,2.0,0.0
BR-101,327.3,1,1,0.0,1.0,0.0,1.0,1.0,1.0,1.0
BR-101,329.0,1,0,0.0,0.0,1.0,1.0,2.0,2.0,0.0
BR-101,329.3,1,1,0.0,1.0,0.0,1.0,2.0,6.0,1.0
BR-101,52.2,1,0,0.0,0.0,2.0,2.0,1.0,2.0,0.0
BR-101,53.1,1,1,1.0,0.0,0.0,0.0,2.0,2.0,1.0
BR-101,330.5,1,0,0.0,0.0,0.0,0.0,2.0,2.0,0.0
BR-101,331.0,1,1,0.0,1.0,1.0,2.0,1.0,2.0,1.0
BR-101,53.4,1,0,0.0,0.0,2.0,2.0,1.0,2.0,0.0
BR-101,331.9,1,1,1.0,0.0,0.0,0.0,2.0,2.0,1.0
BR-101,332.0,1,1,0.0,1.0,0.0,1.0,2.0,2.0,1.0
BR-101,332.3,1,0,0.0,0.0,1.0,1.0,1.0,1.0,0.0
BR-101,53.7,1,0,0.0,0.0,1.0,1.0,2.0,3.0,0.0
BR-101,334.8,1,0,0.0,0.0,4.0,4.0,3.0,6.0,0.0
BR-101,53.8,1,1,0.0,1.0,0.0,1.0,4.0,3.0,1.0
BR-101,335.3,1,0,0.0,0.0,1.0,1.0,1.0,1.0,0.0
BR-101,335.4,1,0,0.0,0.0,1.0,1.0,1.0,2.0,0.0
BR-101,335.6,1,0,0.0,0.0,1.0,1.0,2.0,3.0,0.0
BR-101,336.0,1,0,0.0,0.0,1.0,1.0,1.0,2.0,0.0
BR-101,337.0,1,0,0.0,0.0,2.0,2.0,4.0,6.0,0.0
BR-101,337.4,1,1,0.0,1.0,0.0,1.0,1.0,1.0,1.0
BR-101,337.8,1,1,0.0,1.0,0.0,1.0,1.0,1.0,1.0
BR-101,337.9,1,0,0.0,0.0,1.0,1.0,2.0,2.0,0.0
BR-101,338.5,1,0,0.0,0.0,2.0,2.0,1.0,2.0,0.0
BR-101,338.7,1,0,0.0,0.0,1.0,1.0,1.0,1.0,0.0
BR-101,338.9,1,0,0.0,0.0,1.0,1.0,1.0,1.0,0.0
BR-101,339.7,1,0,0.0,0.0,1.0,1.0,1.0,1.0,0.0
BR-101,340.1,1,1,0.0,1.0,0.0,1.0,3.0,3.0,1.0
BR-101,340.2,1,0,0.0,0.0,1.0,1.0,1.0,1.0,0.0
BR-101,340.7,1,1,0.0,1.0,1.0,2.0,1.0,2.0,1.0
BR-101,340.8,1,1,0.0,1.0,1.0,2.0,4.0,4.0,1.0
BR-101,341.9,1,0,0.0,0.0,2.0,2.0,3.0,4.0,0.0
BR-101,342.5,1,0,0.0,0.0,0.0,0.0,1.0,1.0,0.0
BR-101,343.0,1,0,0.0,0.0,1.0,1.0,2.0,3.0,0.0
BR-101,344.0,1,0,0.0,0.0,1.0,1.0,2.0,2.0,0.0
BR-101,344.7,1,0,0.0,0.0,1.0,1.0,1.0,1.0,0.0
BR-101,347.6,1,0,0.0,0.0,1.0,1.0,2.0,4.0,0.0
BR-101,348.0,1,0,0.0,0.0,2.0,2.0,1.0,4.0,0.0
BR-101,348.2,1,1,0.0,1.0,1.0,2.0,2.0,2.0,1.0
BR-101,348.7,1,1,0.0,1.0,1.0,2.0,1.0,2.0,1.0
BR-101,348.9,1,1,0.0,1.0,0.0,1.0,2.0,2.0,1.0
BR-101,54.6,1,1,0.0,1.0,0.0,1.0,3.0,3.0,1.0
BR-101,350.1,1,0,0.0,0.0,2.0,2.0,1.0,2.0,0.0
BR-101,350.3,1,1,0.0,2.0,0.0,2.0,1.0,2.0,1.0
BR-101,352.0,1,0,0.0,0.0,0.0,0.0,1.0,1.0,0.0
BR-101,352.3,1,1,0.0,1.0,0.0,1.0,1.0,1.0,1.0
BR-101,352.5,1,1,1.0,0.0,0.0,0.0,2.0,2.0,1.0
BR-101,352.6,1,1,1.0,1.0,0.0,1.0,3.0,3.0,1.0
BR-101,352.7,1,1,0.0,1.0,0.0,1.0,1.0,1.0,1.0
BR-101,352.9,1,1,0.0,1.0,0.0,1.0,1.0,1.0,1.0
BR-101,56.0,1,0,0.0,0.0,1.0,1.0,1.0,1.0,0.0
BR-101,354.0,1,0,0.0,0.0,1.0,1.0,1.0,3.0,0.0
BR-101,354.3,1,0,0.0,0.0,1.0,1.0,1.0,1.0,0.0
BR-101,56.5,1,0,0.0,0.0,1.0,1.0,1.0,3.0,0.0
BR-101,356.5,1,0,0.0,0.0,1.0,1.0,1.0,1.0,0.0
BR-101,356.7,1,1,1.0,0.0,0.0,0.0,2.0,2.0,1.0
BR-101,356.8,1,1,0.0,1.0,0.0,1.0,1.0,1.0,1.0
BR-101,356.9,1,1,1.0,0.0,0.0,0.0,2.0,2.0,1.0
BR-101,357.9,1,0,0.0,0.0,1.0,1.0,2.0,3.0,0.0
BR-101,358.3,1,1,0.0,1.0,0.0,1.0,3.0,3.0,1.0
BR-101,359.1,1,1,0.0,2.0,0.0,2.0,2.0,10.0,1.0
BR-101,359.3,1,0,0.0,0.0,1.0,1.0,2.0,4.0,0.0
BR-101,359.9,1,0,0.0,0.0,2.0,2.0,1.0,2.0,0.0
BR-101,360.6,1,0,0.0,0.0,2.0,2.0,1.0,2.0,0.0
BR-101,360.9,1,0,0.0,0.0,2.0,2.0,1.0,4.0,0.0
BR-101,361.0,1,1,2.0,3.0,25.0,28.0,6.0,34.0,1.0
BR-101,361.3,1,0,0.0,0.0,1.0,1.0,2.0,2.0,0.0
BR-101,362.0,1,0,0.0,0.0,1.0,1.0,1.0,1.0,0.0
BR-101,362.5,1,1,0.0,1.0,0.0,1.0,3.0,4.0,1.0
BR-101,362.9,1,1,0.0,1.0,0.0,1.0,3.0,3.0,1.0
BR-101,364.5,1,1,0.0,1.0,0.0,1.0,1.0,1.0,1.0
BR-101,365.3,1,1,0.0,2.0,0.0,2.0,1.0,2.0,1.0
BR-101,365.5,1,0,0.0,0.0,1.0,1.0,3.0,3.0,0.0
BR-101,366.2,1,1,0.0,2.0,0.0,2.0,1.0,2.0,1.0
BR-101,366.3,1,0,0.0,0.0,0.0,0.0,6.0,4.0,0.0
BR-101,366.5,1,0,0.0,0.0,0.0,0.0,3.0,2.0,0.0
BR-101,366.8,1,1,0.0,1.0,0.0,1.0,1.0,1.0,1.0
BR-101,368.0,1,1,0.0,2.0,0.0,2.0,4.0,3.0,1.0
BR-101,57.6,1,0,0.0,0.0,2.0,2.0,2.0,3.0,0.0
BR-101,57.9,1,0,0.0,0.0,1.0,1.0,2.0,3.0,0.0
BR-101,368.9,1,0,0.0,0.0,1.0,1.0,2.0,2.0,0.0
BR-101,369.6,1,1,0.0,1.0,0.0,1.0,3.0,3.0,1.0
BR-101,369.7,1,0,0.0,0.0,1.0,1.0,1.0,1.0,0.0
BR-101,370.0,1,0,0.0,0.0,1.0,1.0,2.0,2.0,0.0
BR-101,370.2,1,0,0.0,0.0,1.0,1.0,2.0,3.0,0.0
BR-101,370.7,1,0,0.0,0.0,1.0,1.0,2.0,3.0,0.0
BR-101,58.0,1,0,0.0,0.0,1.0,1.0,2.0,2.0,0.0
BR-101,371.2,1,0,0.0,0.0,1.0,1.0,1.0,1.0,0.0
BR-101,371.7,1,1,0.0,1.0,0.0,1.0,1.0,1.0,1.0
BR-101,58.6,1,0,0.0,0.0,1.0,1.0,2.0,2.0,0.0
BR-101,372.1,1,0,0.0,0.0,0.0,0.0,2.0,3.0,0.0
BR-101,58.9,1,0,0.0,0.0,1.0,1.0,2.0,2.0,0.0
BR-101,372.6,1,0,0.0,0.0,1.0,1.0,2.0,2.0,0.0
BR-101,373.0,1,1,0.0,1.0,0.0,1.0,2.0,4.0,1.0
BR-101,373.9,1,0,0.0,0.0,1.0,1.0,1.0,1.0,0.0
BR-101,375.5,1,0,0.0,0.0,1.0,1.0,1.0,1.0,0.0
BR-101,378.6,1,1,0.0,1.0,0.0,1.0,2.0,5.0,1.0
BR-101,60.6,1,0,0.0,0.0,1.0,1.0,2.0,2.0,0.0
BR-101,380.7,1,1,1.0,2.0,0.0,2.0,3.0,6.0,1.0
BR-101,380.9,1,1,0.0,1.0,1.0,2.0,1.0,2.0,1.0
BR-101,382.0,1,1,0.0,1.0,0.0,1.0,3.0,3.0,1.0
BR-101,382.2,1,1,0.0,1.0,2.0,3.0,2.0,3.0,1.0
BR-101,383.2,1,0,0.0,0.0,1.0,1.0,1.0,1.0,0.0
BR-101,383.6,1,0,0.0,0.0,1.0,1.0,1.0,1.0,0.0
BR-101,383.7,1,1,1.0,0.0,7.0,7.0,6.0,9.0,1.0
BR-101,384.0,1,0,0.0,0.0,1.0,1.0,2.0,3.0,0.0
BR-101,61.3,1,1,0.0,1.0,1.0,2.0,2.0,2.0,1.0
BR-101,61.4,1,0,0.0,0.0,1.0,1.0,2.0,2.0,0.0
BR-101,386.0,1,0,0.0,0.0,1.0,1.0,1.0,1.0,0.0
BR-101,386.5,1,1,0.0,1.0,1.0,2.0,1.0,2.0,1.0
BR-101,388.9,1,0,0.0,0.0,1.0,1.0,3.0,3.0,0.0
BR-101,389.0,1,0,0.0,0.0,1.0,1.0,2.0,2.0,0.0
BR-101,61.6,1,0,0.0,0.0,1.0,1.0,2.0,3.0,0.0
BR-101,390.3,1,0,0.0,0.0,1.0,1.0,2.0,3.0,0.0
BR-101,390.8,1,0,0.0,0.0,1.0,1.0,3.0,3.0,0.0
BR-101,62.1,1,1,0.0,1.0,0.0,1.0,2.0,2.0,1.0
BR-101,62.7,1,0,0.0,0.0,3.0,3.0,3.0,4.0,0.0
BR-101,391.9,1,0,0.0,0.0,2.0,2.0,2.0,3.0,0.0
BR-101,63.0,1,0,0.0,0.0,1.0,1.0,3.0,5.0,0.0
BR-101,63.8,1,0,0.0,0.0,1.0,1.0,2.0,2.0,0.0
BR-101,64.3,1,0,0.0,0.0,2.0,2.0,1.0,2.0,0.0
BR-101,65.2,1,0,0.0,0.0,1.0,1.0,4.0,3.0,0.0
BR-101,393.2,1,0,0.0,0.0,0.0,0.0,1.0,1.0,0.0
BR-101,393.3,1,0,0.0,0.0,1.0,1.0,2.0,3.0,0.0
BR-101,393.8,1,0,0.0,0.0,0.0,0.0,3.0,3.0,0.0
BR-101,394.0,1,0,0.0,0.0,1.0,1.0,5.0,8.0,0.0
BR-101,394.9,1,0,0.0,0.0,1.0,1.0,2.0,3.0,0.0
BR-101,65.5,1,0,0.0,0.0,1.0,1.0,2.0,3.0,0.0
BR-101,395.5,1,0,0.0,0.0,1.0,1.0,3.0,3.0,0.0
BR-101,396.1,1,1,0.0,1.0,0.0,1.0,3.0,3.0,1.0
BR-101,396.5,1,0,0.0,0.0,1.0,1.0,1.0,2.0,0.0
BR-101,396.6,1,0,0.0,0.0,2.0,2.0,1.0,2.0,0.0
BR-101,396.8,1,1,0.0,1.0,0.0,1.0,3.0,3.0,1.0
BR-101,397.0,1,1,2.0,0.0,0.0,0.0,2.0,3.0,1.0
BR-101,398.9,1,0,0.0,0.0,1.0,1.0,1.0,1.0,0.0
BR-101,65.9,1,0,0.0,0.0,1.0,1.0,2.0,2.0,0.0
BR-101,399.1,1,1,0.0,4.0,2.0,6.0,1.0,6.0,1.0
BR-101,399.6,1,0,0.0,0.0,2.0,2.0,2.0,2.0,0.0
BR-101,400.5,1,0,0.0,0.0,2.0,2.0,2.0,3.0,0.0
BR-101,400.7,1,1,1.0,0.0,1.0,1.0,6.0,5.0,1.0
BR-101,66.2,1,0,0.0,0.0,2.0,2.0,2.0,2.0,0.0
BR-101,401.3,1,0,0.0,0.0,1.0,1.0,2.0,2.0,0.0
BR-101,404.1,1,1,1.0,0.0,1.0,1.0,3.0,3.0,1.0
BR-101,405.3,1,1,1.0,0.0,0.0,0.0,2.0,2.0,1.0
BR-101,406.5,1,1,1.0,0.0,0.0,0.0,2.0,2.0,1.0
BR-101,66.3,1,1,0.0,1.0,0.0,1.0,2.0,2.0,1.0
BR-101,407.3,1,0,0.0,0.0,1.0,1.0,3.0,6.0,0.0
BR-101,407.8,1,0,0.0,0.0,1.0,1.0,1.0,1.0,0.0
BR-101,407.9,1,0,0.0,0.0,1.0,1.0,2.0,3.0,0.0
BR-101,409.8,1,0,0.0,0.0,1.0,1.0,2.0,2.0,0.0
BR-101,413.0,1,0,0.0,0.0,1.0,1.0,3.0,3.0,0.0
BR-101,414.5,1,1,1.0,0.0,0.0,0.0,3.0,3.0,1.0
BR-101,415.7,1,0,0.0,0.0,1.0,1.0,2.0,2.0,0.0
BR-101,66.6,1,0,0.0,0.0,1.0,1.0,2.0,2.0,0.0
BR-101,416.3,1,0,0.0,0.0,2.0,2.0,2.0,3.0,0.0
BR-101,417.0,1,1,0.0,1.0,0.0,1.0,1.0,1.0,1.0
BR-101,418.0,1,0,0.0,0.0,3.0,3.0,2.0,3.0,0.0
BR-101,420.8,1,0,0.0,0.0,1.0,1.0,1.0,2.0,0.0
BR-101,421.5,1,0,0.0,0.0,1.0,1.0,1.0,2.0,0.0
BR-101,422.6,1,1,0.0,1.0,0.0,1.0,1.0,1.0,1.0
BR-101,423.0,1,0,0.0,0.0,2.0,2.0,1.0,2.0,0.0
BR-101,67.3,1,0,0.0,0.0,1.0,1.0,2.0,2.0,0.0
BR-101,67.7,1,0,0.0,0.0,1.0,1.0,3.0,3.0,0.0
BR-101,426.0,1,0,0.0,0.0,1.0,1.0,1.0,1.0,0.0
BR-101,426.2,1,1,1.0,0.0,0.0,0.0,2.0,3.0,1.0
BR-101,426.3,1,1,0.0,1.0,0.0,1.0,1.0,1.0,1.0
BR-101,427.0,1,1,1.0,0.0,0.0,0.0,3.0,4.0,1.0
BR-101,427.1,1,1,0.0,1.0,1.0,2.0,1.0,2.0,1.0
BR-101,427.9,1,1,1.0,0.0,0.0,0.0,2.0,2.0,1.0
BR-101,428.0,1,0,0.0,0.0,0.0,0.0,2.0,2.0,0.0
BR-101,68.5,1,0,0.0,0.0,0.0,0.0,2.0,2.0,0.0
BR-101,431.9,1,1,0.0,1.0,0.0,1.0,1.0,2.0,1.0
BR-101,433.5,1,0,0.0,0.0,3.0,3.0,3.0,5.0,0.0
BR-101,434.9,1,1,0.0,1.0,0.0,1.0,2.0,2.0,1.0
BR-101,436.6,1,0,0.0,0.0,4.0,4.0,3.0,7.0,0.0
BR-101,438.7,1,0,0.0,0.0,1.0,1.0,2.0,2.0,0.0
BR-101,68.8,1,1,0.0,1.0,1.0,2.0,2.0,2.0,1.0
BR-101,439.0,1,1,0.0,3.0,0.0,3.0,2.0,3.0,1.0
BR-101,440.0,1,0,0.0,0.0,1.0,1.0,2.0,2.0,0.0
BR-101,68.9,1,1,0.0,1.0,0.0,1.0,1.0,1.0,1.0
BR-101,443.0,1,0,0.0,0.0,2.0,2.0,2.0,2.0,0.0
BR-101,443.3,1,0,0.0,0.0,2.0,2.0,1.0,2.0,0.0
BR-101,444.0,1,0,0.0,0.0,3.0,3.0,2.0,3.0,0.0
BR-101,445.0,1,1,0.0,1.0,1.0,2.0,2.0,2.0,1.0
BR-101,70.5,1,0,0.0,0.0,1.0,1.0,2.0,2.0,0.0
BR-101,448.0,1,0,0.0,0.0,1.0,1.0,2.0,2.0,0.0
BR-101,448.2,1,1,0.0,1.0,0.0,1.0,2.0,2.0,1.0
BR-101,448.3,1,0,0.0,0.0,1.0,1.0,1.0,1.0,0.0
BR-101,450.0,1,1,0.0,2.0,1.0,3.0,6.0,5.0,1.0
BR-101,453.3,1,0,0.0,0.0,1.0,1.0,1.0,1.0,0.0
BR-101,457.0,1,0,0.0,0.0,2.0,2.0,2.0,2.0,0.0
BR-101,461.0,1,0,0.0,0.0,0.0,0.0,2.0,2.0,0.0
BR-259,0.0,1,0,0.0,0.0,0.0,0.0,3.0,3.0,0.0
BR-259,2.5,1,0,0.0,0.0,1.0,1.0,1.0,1.0,0.0
BR-259,4.0,1,0,0.0,0.0,3.0,3.0,2.0,4.0,0.0
BR-259,5.0,1,0,0.0,0.0,1.0,1.0,1.0,1.0,0.0
BR-101,71.1,1,1,0.0,1.0,0.0,1.0,2.0,2.0,1.0
BR-101,72.0,1,0,0.0,0.0,1.0,1.0,1.0,1.0,0.0
BR-259,8.7,1,0,0.0,0.0,1.0,1.0,1.0,1.0,0.0
BR-101,72.5,1,1,1.0,0.0,0.0,0.0,2.0,2.0,1.0
BR-259,11.9,1,1,0.0,1.0,0.0,1.0,2.0,3.0,1.0
BR-259,12.5,1,1,0.0,4.0,1.0,5.0,2.0,5.0,1.0
BR-259,15.5,1,0,0.0,0.0,1.0,1.0,2.0,2.0,0.0
BR-259,16.6,1,0,0.0,0.0,4.0,4.0,2.0,5.0,0.0
BR-259,18.0,1,0,0.0,0.0,1.0,1.0,1.0,1.0,0.0
BR-259,20.0,1,0,0.0,0.0,2.0,2.0,2.0,3.0,0.0
BR-259,21.0,1,1,0.0,1.0,0.0,1.0,2.0,2.0,1.0
BR-259,23.4,1,1,0.0,1.0,0.0,1.0,2.0,2.0,1.0
BR-259,24.0,1,1,0.0,2.0,0.0,2.0,2.0,3.0,1.0
BR-259,25.0,1,0,0.0,0.0,1.0,1.0,2.0,2.0,0.0
BR-259,25.2,1,0,0.0,0.0,1.0,1.0,2.0,2.0,0.0
BR-101,72.9,1,1,1.0,0.0,0.0,0.0,2.0,2.0,1.0
BR-259,30.8,1,0,0.0,0.0,1.0,1.0,2.0,2.0,0.0
BR-259,31.8,1,1,2.0,0.0,0.0,0.0,2.0,3.0,1.0
BR-101,73.3,1,0,0.0,0.0,1.0,1.0,2.0,2.0,0.0
BR-259,35.0,1,1,1.0,0.0,0.0,0.0,2.0,2.0,1.0
BR-259,38.3,1,0,0.0,0.0,1.0,1.0,2.0,2.0,0.0
BR-259,40.0,1,1,0.0,1.0,0.0,1.0,1.0,1.0,1.0
BR-259,40.5,1,1,0.0,1.0,0.0,1.0,3.0,4.0,1.0
BR-259,44.0,1,0,0.0,0.0,0.0,0.0,1.0,1.0,0.0
BR-259,45.0,1,1,0.0,1.0,0.0,1.0,2.0,2.0,1.0
BR-259,47.0,1,1,0.0,1.0,0.0,1.0,2.0,3.0,1.0
BR-259,47.9,1,1,2.0,0.0,0.0,0.0,2.0,3.0,1.0
BR-259,48.5,1,0,0.0,0.0,1.0,1.0,2.0,2.0,0.0
BR-259,49.1,1,0,0.0,0.0,2.0,2.0,2.0,3.0,0.0
BR-259,49.9,1,1,0.0,1.0,0.0,1.0,2.0,2.0,1.0
BR-101,74.5,1,0,0.0,0.0,2.0,2.0,1.0,2.0,0.0
BR-259,50.5,1,1,0.0,1.0,0.0,1.0,1.0,1.0,1.0
BR-259,50.9,1,0,0.0,0.0,1.0,1.0,2.0,2.0,0.0
BR-259,51.0,1,1,0.0,1.0,0.0,1.0,1.0,1.0,1.0
BR-259,51.2,1,1,0.0,1.0,0.0,1.0,3.0,3.0,1.0
BR-259,51.6,1,0,0.0,0.0,2.0,2.0,2.0,5.0,0.0
BR-101,76.0,1,1,0.0,1.0,0.0,1.0,1.0,1.0,1.0
BR-259,52.6,1,0,0.0,0.0,0.0,0.0,1.0,1.0,0.0
BR-101,77.5,1,0,0.0,0.0,1.0,1.0,1.0,1.0,0.0
BR-259,53.2,1,0,0.0,0.0,0.0,0.0,1.0,1.0,0.0
BR-259,53.4,1,0,0.0,0.0,1.0,1.0,1.0,1.0,0.0
BR-259,53.5,1,0,0.0,0.0,1.0,1.0,1.0,2.0,0.0
BR-101,77.9,1,1,0.0,1.0,1.0,2.0,2.0,4.0,1.0
BR-259,53.8,1,0,0.0,0.0,2.0,2.0,2.0,2.0,0.0
BR-259,54.0,1,0,0.0,0.0,1.0,1.0,3.0,3.0,0.0
BR-259,55.0,1,0,0.0,0.0,1.0,1.0,2.0,2.0,0.0
BR-101,78.3,1,1,1.0,0.0,0.0,0.0,2.0,2.0,1.0
BR-101,78.9,1,1,0.0,1.0,0.0,1.0,3.0,4.0,1.0
BR-259,57.3,1,0,0.0,0.0,1.0,1.0,1.0,1.0,0.0
BR-259,57.4,1,1,0.0,1.0,0.0,1.0,2.0,2.0,1.0
BR-101,79.2,1,0,0.0,0.0,2.0,2.0,1.0,2.0,0.0
BR-259,57.8,1,0,0.0,0.0,0.0,0.0,1.0,1.0,0.0
BR-101,80.1,1,0,0.0,0.0,1.0,1.0,2.0,2.0,0.0
BR-259,58.4,1,1,0.0,2.0,2.0,4.0,2.0,4.0,1.0
BR-259,58.8,1,1,0.0,1.0,1.0,2.0,3.0,3.0,1.0
BR-259,59.0,1,0,0.0,0.0,1.0,1.0,2.0,2.0,0.0
BR-259,59.1,1,1,0.0,2.0,0.0,2.0,3.0,4.0,1.0
BR-101,81.0,1,0,0.0,0.0,1.0,1.0,1.0,1.0,0.0
BR-259,60.9,1,0,0.0,0.0,1.0,1.0,2.0,3.0,0.0
BR-101,81.5,1,0,0.0,0.0,1.0,1.0,1.0,1.0,0.0
BR-259,61.6,1,1,0.0,1.0,2.0,3.0,2.0,4.0,1.0
BR-259,61.9,1,0,0.0,0.0,2.0,2.0,1.0,2.0,0.0
BR-101,85.0,1,0,0.0,0.0,1.0,1.0,1.0,1.0,0.0
BR-259,62.4,1,1,0.0,1.0,0.0,1.0,2.0,2.0,1.0
BR-259,62.9,1,0,0.0,0.0,1.0,1.0,2.0,2.0,0.0
BR-259,63.2,1,1,0.0,1.0,1.0,2.0,2.0,3.0,1.0
BR-259,63.6,1,0,0.0,0.0,1.0,1.0,2.0,3.0,0.0
BR-259,64.0,1,1,0.0,1.0,0.0,1.0,2.0,2.0,1.0
BR-259,64.5,1,0,0.0,0.0,3.0,3.0,2.0,3.0,0.0
BR-259,65.3,1,1,0.0,1.0,1.0,2.0,2.0,4.0,1.0
BR-259,65.9,1,1,0.0,1.0,0.0,1.0,2.0,3.0,1.0
BR-259,66.0,1,1,0.0,1.0,0.0,1.0,1.0,1.0,1.0
BR-259,67.9,1,0,0.0,0.0,2.0,2.0,2.0,2.0,0.0
BR-259,68.4,1,0,0.0,0.0,2.0,2.0,2.0,2.0,0.0
BR-259,69.0,1,0,0.0,0.0,2.0,2.0,1.0,2.0,0.0
BR-101,87.0,1,0,0.0,0.0,4.0,4.0,2.0,5.0,0.0
BR-259,71.8,1,1,0.0,1.0,0.0,1.0,2.0,2.0,1.0
BR-259,78.8,1,0,0.0,0.0,2.0,2.0,1.0,2.0,0.0
BR-259,79.0,1,0,0.0,0.0,0.0,0.0,1.0,1.0,0.0
BR-259,82.0,1,0,0.0,0.0,1.0,1.0,3.0,3.0,0.0
BR-259,83.5,1,0,0.0,0.0,1.0,1.0,1.0,1.0,0.0
BR-259,84.0,1,0,0.0,0.0,1.0,1.0,4.0,5.0,0.0
BR-259,85.0,1,0,0.0,0.0,1.0,1.0,2.0,2.0,0.0
BR-259,88.6,1,1,1.0,1.0,0.0,1.0,3.0,4.0,1.0
BR-259,90.0,1,0,0.0,0.0,2.0,2.0,1.0,2.0,0.0
BR-259,93.3,1,1,1.0,0.0,0.0,0.0,1.0,1.0,1.0
BR-259,94.5,1,0,0.0,0.0,1.0,1.0,1.0,1.0,0.0
BR-259,99.0,1,0,0.0,0.0,1.0,1.0,3.0,3.0,0.0
BR-259,100.4,1,0,0.0,0.0,1.0,1.0,2.0,3.0,0.0
BR-259,100.5,1,0,0.0,0.0,1.0,1.0,2.0,2.0,0.0
BR-259,100.9,1,1,0.0,1.0,0.0,1.0,2.0,2.0,1.0
BR-101,87.2,1,0,0.0,0.0,1.0,1.0,4.0,3.0,0.0
BR-259,102.6,1,1,1.0,0.0,1.0,1.0,2.0,3.0,1.0
BR-259,103.0,1,0,0.0,0.0,1.0,1.0,3.0,3.0,0.0
BR-259,104.0,1,0,0.0,0.0,2.0,2.0,2.0,3.0,0.0
BR-259,105.0,1,0,0.0,0.0,1.0,1.0,1.0,1.0,0.0
BR-262,0.1,1,0,0.0,0.0,1.0,1.0,1.0,1.0,0.0
BR-262,0.3,1,0,0.0,0.0,2.0,2.0,1.0,2.0,0.0
BR-101,88.3,1,1,1.0,0.0,0.0,0.0,2.0,3.0,1.0
BR-262,0.7,1,0,0.0,0.0,1.0,1.0,2.0,2.0,0.0
BR-262,0.8,1,0,0.0,0.0,1.0,1.0,2.0,2.0,0.0
BR-101,89.5,1,1,0.0,1.0,1.0,2.0,2.0,2.0,1.0
BR-101,91.8,1,1,0.0,1.0,0.0,1.0,6.0,4.0,1.0
BR-262,14.0,1,0,0.0,0.0,2.0,2.0,1.0,2.0,0.0
BR-101,93.0,1,0,0.0,0.0,1.0,1.0,5.0,4.0,0.0
BR-262,16.5,1,0,0.0,0.0,1.0,1.0,2.0,2.0,0.0
BR-101,93.5,1,0,0.0,0.0,1.0,1.0,1.0,1.0,0.0
BR-262,17.2,1,1,0.0,1.0,0.0,1.0,3.0,3.0,1.0
BR-262,17.3,1,0,0.0,0.0,1.0,1.0,2.0,2.0,0.0
BR-262,17.4,1,0,0.0,0.0,0.0,0.0,1.0,1.0,0.0
BR-262,17.7,1,0,0.0,0.0,1.0,1.0,2.0,2.0,0.0
BR-101,93.7,1,1,1.0,0.0,0.0,0.0,2.0,2.0,1.0
BR-262,18.9,1,0,0.0,0.0,1.0,1.0,2.0,2.0,0.0
BR-101,94.2,1,1,0.0,1.0,0.0,1.0,2.0,2.0,1.0
BR-262,19.5,1,0,0.0,0.0,1.0,1.0,2.0,2.0,0.0
BR-262,19.8,1,0,0.0,0.0,1.0,1.0,2.0,6.0,0.0
BR-262,19.9,1,0,0.0,0.0,5.0,5.0,3.0,5.0,0.0
BR-101,95.0,1,1,4.0,0.0,3.0,3.0,4.0,11.0,1.0
BR-101,97.3,1,0,0.0,0.0,1.0,1.0,2.0,2.0,0.0
BR-262,22.5,1,0,0.0,0.0,1.0,1.0,1.0,1.0,0.0
BR-262,22.9,1,0,0.0,0.0,1.0,1.0,1.0,1.0,0.0
BR-262,24.9,1,0,0.0,0.0,0.0,0.0,1.0,1.0,0.0
BR-101,98.2,1,1,0.0,1.0,0.0,1.0,3.0,3.0,1.0
BR-262,25.9,1,0,0.0,0.0,0.0,0.0,1.0,1.0,0.0
BR-101,99.0,1,0,0.0,0.0,1.0,1.0,1.0,1.0,0.0
BR-262,26.8,1,0,0.0,0.0,1.0,1.0,1.0,1.0,0.0
BR-262,26.9,1,0,0.0,0.0,1.0,1.0,2.0,2.0,0.0
BR-262,27.3,1,1,0.0,1.0,0.0,1.0,1.0,1.0,1.0
BR-262,27.5,1,0,0.0,0.0,0.0,0.0,1.0,1.0,0.0
BR-262,27.9,1,1,0.0,1.0,5.0,6.0,3.0,8.0,1.0
BR-262,28.0,1,1,0.0,1.0,1.0,2.0,2.0,3.0,1.0
BR-101,99.7,1,1,0.0,1.0,0.0,1.0,2.0,2.0,1.0
BR-262,29.5,1,0,0.0,0.0,1.0,1.0,1.0,1.0,0.0
BR-101,100.3,1,1,0.0,1.0,0.0,1.0,2.0,2.0,1.0
BR-262,30.5,1,0,0.0,0.0,1.0,1.0,3.0,3.0,0.0
BR-262,31.4,1,0,0.0,0.0,1.0,1.0,3.0,3.0,0.0
BR-262,31.5,1,0,0.0,0.0,1.0,1.0,1.0,1.0,0.0
BR-262,32.6,1,0,0.0,0.0,1.0,1.0,2.0,2.0,0.0
BR-262,32.9,1,0,0.0,0.0,1.0,1.0,2.0,4.0,0.0
BR-101,101.1,1,1,0.0,1.0,0.0,1.0,2.0,2.0,1.0
BR-262,33.5,1,0,0.0,0.0,2.0,2.0,1.0,2.0,0.0
BR-101,101.5,1,0,0.0,0.0,1.0,1.0,2.0,2.0,0.0
BR-262,34.4,1,0,0.0,0.0,1.0,1.0,3.0,3.0,0.0
BR-101,102.3,1,1,0.0,1.0,0.0,1.0,1.0,1.0,1.0
BR-101,107.0,1,0,0.0,0.0,1.0,1.0,2.0,2.0,0.0
BR-262,36.5,1,1,0.0,1.0,0.0,1.0,2.0,2.0,1.0
BR-262,36.9,1,0,0.0,0.0,1.0,1.0,1.0,1.0,0.0
BR-262,37.0,1,0,0.0,0.0,1.0,1.0,2.0,2.0,0.0
BR-101,108.3,1,1,1.0,0.0,0.0,0.0,2.0,2.0,1.0
BR-101,109.6,1,1,0.0,1.0,0.0,1.0,3.0,3.0,1.0
BR-262,39.5,1,0,0.0,0.0,1.0,1.0,2.0,8.0,0.0
BR-262,39.8,1,0,0.0,0.0,1.0,1.0,2.0,4.0,0.0
BR-101,109.7,1,0,0.0,0.0,2.0,2.0,1.0,2.0,0.0
BR-262,40.0,1,0,0.0,0.0,3.0,3.0,2.0,3.0,0.0
BR-262,41.0,1,1,0.0,1.0,0.0,1.0,1.0,1.0,1.0
BR-262,42.0,1,0,0.0,0.0,6.0,6.0,3.0,8.0,0.0
BR-262,43.1,1,0,0.0,0.0,0.0,0.0,1.0,2.0,0.0
BR-262,43.5,1,0,0.0,0.0,1.0,1.0,2.0,2.0,0.0
BR-101,110.5,1,0,0.0,0.0,2.0,2.0,2.0,3.0,0.0
BR-262,43.9,1,1,1.0,1.0,1.0,2.0,2.0,4.0,1.0
BR-101,111.8,1,0,0.0,0.0,2.0,2.0,2.0,4.0,0.0
BR-262,44.6,1,1,0.0,1.0,0.0,1.0,3.0,3.0,1.0
BR-101,112.0,1,0,0.0,0.0,1.0,1.0,2.0,2.0,0.0
BR-262,46.0,1,0,0.0,0.0,1.0,1.0,2.0,2.0,0.0
BR-262,46.6,1,0,0.0,0.0,1.0,1.0,2.0,3.0,0.0
BR-262,47.0,1,1,0.0,1.0,0.0,1.0,1.0,1.0,1.0
BR-262,47.5,1,1,0.0,2.0,0.0,2.0,2.0,2.0,1.0
BR-262,47.6,1,1,1.0,0.0,0.0,0.0,2.0,2.0,1.0
BR-262,47.8,1,1,1.0,0.0,0.0,0.0,2.0,2.0,1.0
BR-262,48.0,1,0,0.0,0.0,0.0,0.0,2.0,2.0,0.0
BR-262,48.5,1,1,0.0,1.0,2.0,3.0,2.0,4.0,1.0
BR-262,49.0,1,0,0.0,0.0,1.0,1.0,1.0,1.0,0.0
BR-262,49.2,1,0,0.0,0.0,0.0,0.0,2.0,2.0,0.0
BR-262,50.3,1,1,0.0,1.0,0.0,1.0,2.0,2.0,1.0
BR-101,113.5,1,0,0.0,0.0,2.0,2.0,2.0,3.0,0.0
BR-262,52.0,1,0,0.0,0.0,1.0,1.0,2.0,2.0,0.0
BR-262,52.3,1,0,0.0,0.0,0.0,0.0,3.0,3.0,0.0
BR-101,114.4,1,1,1.0,0.0,0.0,0.0,3.0,3.0,1.0
BR-262,54.0,1,0,0.0,0.0,1.0,1.0,1.0,1.0,0.0
BR-262,54.5,1,1,0.0,1.0,0.0,1.0,2.0,3.0,1.0
BR-262,55.0,1,0,0.0,0.0,1.0,1.0,1.0,1.0,0.0
BR-262,55.4,1,1,1.0,2.0,0.0,2.0,3.0,6.0,1.0
BR-101,115.0,1,0,0.0,0.0,1.0,1.0,2.0,2.0,0.0
BR-101,116.0,1,0,0.0,0.0,1.0,1.0,2.0,3.0,0.0
BR-262,57.1,1,0,0.0,0.0,0.0,0.0,3.0,3.0,0.0
BR-262,57.4,1,0,0.0,0.0,2.0,2.0,1.0,2.0,0.0
BR-262,58.1,1,0,0.0,0.0,1.0,1.0,2.0,3.0,0.0
BR-262,58.7,1,0,0.0,0.0,1.0,1.0,2.0,2.0,0.0
BR-262,58.8,1,0,0.0,0.0,2.0,2.0,2.0,2.0,0.0
BR-262,59.0,1,0,0.0,0.0,1.0,1.0,2.0,3.0,0.0
BR-262,60.4,1,0,0.0,0.0,2.0,2.0,1.0,2.0,0.0
BR-262,61.8,1,0,0.0,0.0,2.0,2.0,3.0,4.0,0.0
BR-262,62.5,1,1,0.0,1.0,0.0,1.0,2.0,2.0,1.0
BR-262,63.7,1,1,0.0,4.0,1.0,5.0,2.0,5.0,1.0
BR-101,117.0,1,0,0.0,0.0,1.0,1.0,2.0,3.0,0.0
BR-262,64.9,1,0,0.0,0.0,1.0,1.0,1.0,1.0,0.0
BR-101,117.9,1,0,0.0,0.0,3.0,3.0,3.0,4.0,0.0
BR-262,65.4,1,1,1.0,0.0,1.0,1.0,2.0,2.0,1.0
BR-262,65.5,1,1,1.0,0.0,0.0,0.0,2.0,5.0,1.0
BR-262,65.7,1,0,0.0,0.0,1.0,1.0,2.0,2.0,0.0
BR-262,65.8,1,0,0.0,0.0,2.0,2.0,1.0,2.0,0.0
BR-101,118.0,1,0,0.0,0.0,1.0,1.0,3.0,3.0,0.0
BR-262,66.1,1,0,0.0,0.0,0.0,0.0,3.0,6.0,0.0
BR-101,118.2,1,0,0.0,0.0,1.0,1.0,4.0,4.0,0.0
BR-262,69.8,1,0,0.0,0.0,3.0,3.0,2.0,4.0,0.0
BR-262,70.0,1,0,0.0,0.0,1.0,1.0,2.0,2.0,0.0
BR-262,71.8,1,0,0.0,0.0,1.0,1.0,3.0,3.0,0.0
BR-101,119.6,1,1,0.0,1.0,1.0,2.0,2.0,3.0,1.0
BR-101,119.8,1,1,0.0,2.0,0.0,2.0,2.0,3.0,1.0
BR-262,73.2,1,1,0.0,1.0,0.0,1.0,2.0,2.0,1.0
BR-262,73.6,1,0,0.0,0.0,0.0,0.0,2.0,2.0,0.0
BR-262,75.0,1,0,0.0,0.0,0.0,0.0,2.0,3.0,0.0
BR-262,75.4,1,0,0.0,0.0,1.0,1.0,2.0,2.0,0.0
BR-262,75.6,1,0,0.0,0.0,2.0,2.0,3.0,4.0,0.0
BR-262,76.4,1,1,1.0,1.0,0.0,1.0,2.0,3.0,1.0
BR-262,77.0,1,1,0.0,1.0,0.0,1.0,1.0,1.0,1.0
BR-262,77.6,1,0,0.0,0.0,1.0,1.0,1.0,1.0,0.0
BR-101,120.0,1,1,0.0,1.0,0.0,1.0,4.0,3.0,1.0
BR-262,77.9,1,0,0.0,0.0,1.0,1.0,1.0,1.0,0.0
BR-262,78.4,1,0,0.0,0.0,1.0,1.0,3.0,3.0,0.0
BR-262,78.5,1,0,0.0,0.0,3.0,3.0,2.0,3.0,0.0
BR-262,78.8,1,1,0.0,1.0,1.0,2.0,3.0,5.0,1.0
BR-262,79.0,1,1,2.0,0.0,2.0,2.0,4.0,4.0,1.0
BR-262,79.1,1,1,0.0,1.0,7.0,8.0,2.0,8.0,1.0
BR-262,79.9,1,0,0.0,0.0,0.0,0.0,2.0,2.0,0.0
BR-262,80.0,1,0,0.0,0.0,1.0,1.0,1.0,1.0,0.0
BR-262,83.0,1,1,0.0,1.0,1.0,2.0,1.0,2.0,1.0
BR-262,83.4,1,0,0.0,0.0,1.0,1.0,2.0,2.0,0.0
BR-262,84.0,1,0,0.0,0.0,1.0,1.0,2.0,2.0,0.0
BR-262,84.6,1,0,0.0,0.0,2.0,2.0,1.0,2.0,0.0
BR-262,85.0,1,0,0.0,0.0,1.0,1.0,2.0,3.0,0.0
BR-262,85.2,1,1,1.0,2.0,0.0,2.0,2.0,3.0,1.0
BR-262,87.0,1,0,0.0,0.0,1.0,1.0,1.0,1.0,0.0
BR-262,87.9,1,1,1.0,1.0,2.0,3.0,2.0,4.0,1.0
BR-101,120.2,1,0,0.0,0.0,1.0,1.0,4.0,6.0,0.0
BR-262,89.7,1,1,1.0,0.0,0.0,0.0,3.0,3.0,1.0
BR-101,122.4,1,0,0.0,0.0,3.0,3.0,1.0,4.0,0.0
BR-262,92.0,1,0,0.0,0.0,1.0,1.0,2.0,2.0,0.0
BR-101,122.5,1,0,0.0,0.0,1.0,1.0,4.0,4.0,0.0
BR-101,122.8,1,0,0.0,0.0,1.0,1.0,1.0,1.0,0.0
BR-262,94.3,1,0,0.0,0.0,1.0,1.0,2.0,2.0,0.0
BR-101,123.5,1,1,0.0,1.0,1.0,2.0,2.0,2.0,1.0
BR-262,96.0,1,1,0.0,1.0,0.0,1.0,2.0,2.0,1.0
BR-101,125.1,1,1,0.0,1.0,0.0,1.0,3.0,3.0,1.0
BR-262,98.0,1,0,0.0,0.0,1.0,1.0,2.0,3.0,0.0
BR-262,98.1,1,0,0.0,0.0,4.0,4.0,2.0,4.0,0.0
BR-262,99.0,1,0,0.0,0.0,1.0,1.0,2.0,2.0,0.0
BR-262,99.4,1,0,0.0,0.0,2.0,2.0,2.0,2.0,0.0
BR-262,99.5,1,1,0.0,1.0,0.0,1.0,1.0,1.0,1.0
BR-262,99.9,1,0,0.0,0.0,1.0,1.0,3.0,3.0,0.0
BR-262,100.6,1,1,0.0,1.0,1.0,2.0,2.0,3.0,1.0
BR-262,101.0,1,0,0.0,0.0,0.0,0.0,1.0,1.0,0.0
BR-262,101.7,1,0,0.0,0.0,1.0,1.0,1.0,1.0,0.0
BR-101,125.2,1,0,0.0,0.0,0.0,0.0,2.0,2.0,0.0
BR-262,102.5,1,0,0.0,0.0,0.0,0.0,2.0,2.0,0.0
BR-262,102.6,1,1,0.0,2.0,0.0,2.0,2.0,2.0,1.0
BR-262,103.0,1,0,0.0,0.0,1.0,1.0,1.0,1.0,0.0
BR-262,103.4,1,1,1.0,0.0,0.0,0.0,3.0,3.0,1.0
BR-101,125.3,1,0,0.0,0.0,1.0,1.0,2.0,3.0,0.0
BR-262,104.7,1,0,0.0,0.0,1.0,1.0,2.0,2.0,0.0
BR-101,125.6,1,1,1.0,0.0,0.0,0.0,4.0,4.0,1.0
BR-262,105.4,1,0,0.0,0.0,2.0,2.0,2.0,2.0,0.0
BR-101,125.9,1,0,0.0,0.0,1.0,1.0,1.0,1.0,0.0
BR-262,106.2,1,1,0.0,1.0,3.0,4.0,3.0,4.0,1.0
BR-262,106.4,1,1,0.0,1.0,0.0,1.0,2.0,2.0,1.0
BR-262,106.7,1,1,1.0,0.0,1.0,1.0,3.0,4.0,1.0
BR-262,107.0,1,1,0.0,1.0,0.0,1.0,2.0,2.0,1.0
BR-262,107.1,1,1,0.0,1.0,0.0,1.0,2.0,2.0,1.0
BR-262,108.9,1,0,0.0,0.0,1.0,1.0,2.0,2.0,0.0
BR-262,109.7,1,1,0.0,1.0,0.0,1.0,1.0,1.0,1.0
BR-101,126.3,1,1,0.0,2.0,17.0,19.0,2.0,32.0,1.0
BR-262,110.2,1,1,0.0,1.0,0.0,1.0,2.0,2.0,1.0
BR-262,111.4,1,0,0.0,0.0,1.0,1.0,4.0,5.0,0.0
BR-101,126.5,1,0,0.0,0.0,1.0,1.0,1.0,1.0,0.0
BR-262,112.8,1,0,0.0,0.0,2.0,2.0,3.0,4.0,0.0
BR-262,112.9,1,1,0.0,1.0,0.0,1.0,3.0,3.0,1.0
BR-101,127.2,1,0,0.0,0.0,1.0,1.0,1.0,1.0,0.0
BR-262,114.0,1,1,0.0,1.0,1.0,2.0,4.0,4.0,1.0
BR-262,115.9,1,0,0.0,0.0,0.0,0.0,2.0,2.0,0.0
BR-101,127.6,1,0,0.0,0.0,1.0,1.0,1.0,1.0,0.0
BR-262,116.4,1,0,0.0,0.0,1.0,1.0,2.0,2.0,0.0
BR-262,117.0,1,1,0.0,1.0,3.0,4.0,2.0,6.0,1.0
BR-262,119.0,1,0,0.0,0.0,0.0,0.0,2.0,2.0,0.0
BR-262,119.3,1,1,0.0,2.0,0.0,2.0,4.0,5.0,1.0
BR-262,120.8,1,0,0.0,0.0,1.0,1.0,1.0,1.0,0.0
BR-262,121.0,1,0,0.0,0.0,0.0,0.0,1.0,1.0,0.0
BR-262,122.9,1,0,0.0,0.0,1.0,1.0,2.0,2.0,0.0
BR-262,124.6,1,0,0.0,0.0,2.0,2.0,3.0,4.0,0.0
BR-262,126.4,1,0,0.0,0.0,1.0,1.0,1.0,3.0,0.0
BR-262,133.0,1,1,0.0,2.0,0.0,2.0,2.0,3.0,1.0
BR-262,133.9,1,0,0.0,0.0,1.0,1.0,2.0,2.0,0.0
BR-262,134.0,1,0,0.0,0.0,5.0,5.0,2.0,7.0,0.0
BR-262,135.0,1,0,0.0,0.0,2.0,2.0,1.0,2.0,0.0
BR-262,135.2,1,1,0.0,1.0,0.0,1.0,1.0,1.0,1.0
BR-262,136.3,1,1,0.0,1.0,7.0,8.0,1.0,8.0,1.0
BR-262,136.6,1,0,0.0,0.0,1.0,1.0,2.0,2.0,0.0
BR-262,136.8,1,0,0.0,0.0,1.0,1.0,2.0,2.0,0.0
BR-262,139.2,1,0,0.0,0.0,0.0,0.0,2.0,2.0,0.0
BR-262,140.0,1,0,0.0,0.0,2.0,2.0,2.0,3.0,0.0
BR-262,140.5,1,0,0.0,0.0,2.0,2.0,2.0,2.0,0.0
BR-262,141.7,1,1,1.0,4.0,0.0,4.0,2.0,5.0,1.0
BR-262,144.0,1,0,0.0,0.0,1.0,1.0,2.0,4.0,0.0
BR-262,144.2,1,1,0.0,2.0,0.0,2.0,2.0,3.0,1.0
BR-262,146.0,1,1,0.0,1.0,0.0,1.0,2.0,2.0,1.0
BR-262,147.2,1,1,1.0,1.0,0.0,1.0,3.0,4.0,1.0
BR-262,148.0,1,0,0.0,0.0,1.0,1.0,1.0,1.0,0.0
BR-262,148.2,1,0,0.0,0.0,1.0,1.0,1.0,1.0,0.0
BR-262,148.3,1,1,2.0,3.0,9.0,12.0,1.0,58.0,1.0
BR-262,150.7,1,0,0.0,0.0,1.0,1.0,3.0,3.0,0.0
BR-262,150.8,1,0,0.0,0.0,1.0,1.0,1.0,1.0,0.0
BR-101,128.1,1,0,0.0,0.0,2.0,2.0,8.0,7.0,0.0
BR-262,151.5,1,0,0.0,0.0,1.0,1.0,2.0,2.0,0.0
BR-262,151.6,1,0,0.0,0.0,1.0,1.0,1.0,1.0,0.0
BR-262,152.0,1,1,0.0,1.0,0.0,1.0,2.0,2.0,1.0
BR-262,152.8,1,1,0.0,1.0,0.0,1.0,2.0,2.0,1.0
BR-262,154.2,1,1,0.0,1.0,0.0,1.0,2.0,2.0,1.0
BR-101,129.0,1,0,0.0,0.0,2.0,2.0,1.0,2.0,0.0
BR-262,156.4,1,1,0.0,1.0,1.0,2.0,2.0,2.0,1.0
BR-101,129.1,1,1,0.0,1.0,0.0,1.0,2.0,2.0,1.0
BR-262,157.5,1,0,0.0,0.0,0.0,0.0,2.0,2.0,0.0
BR-262,158.0,1,0,0.0,0.0,0.0,0.0,4.0,4.0,0.0
BR-262,158.7,1,0,0.0,0.0,0.0,0.0,2.0,2.0,0.0
BR-101,129.3,1,0,0.0,0.0,1.0,1.0,2.0,2.0,0.0
BR-262,159.1,1,0,0.0,0.0,1.0,1.0,2.0,2.0,0.0
BR-262,159.2,1,0,0.0,0.0,1.0,1.0,2.0,2.0,0.0
BR-262,159.5,1,0,0.0,0.0,1.0,1.0,2.0,2.0,0.0
BR-262,159.6,1,0,0.0,0.0,0.0,0.0,2.0,2.0,0.0
BR-101,130.0,1,1,0.0,1.0,0.0,1.0,2.0,3.0,1.0
BR-262,160.5,1,1,0.0,1.0,1.0,2.0,2.0,2.0,1.0
BR-262,161.2,1,1,1.0,0.0,0.0,0.0,3.0,3.0,1.0
BR-101,131.0,1,1,1.0,0.0,0.0,0.0,3.0,3.0,1.0
BR-262,162.6,1,0,0.0,0.0,1.0,1.0,1.0,1.0,0.0
BR-101,131.1,1,0,0.0,0.0,2.0,2.0,2.0,3.0,0.0
BR-262,163.4,1,0,0.0,0.0,0.0,0.0,3.0,3.0,0.0
BR-262,163.5,1,1,0.0,1.0,0.0,1.0,2.0,2.0,1.0
BR-262,165.8,1,0,0.0,0.0,0.0,0.0,1.0,1.0,0.0
BR-101,132.5,1,1,0.0,1.0,0.0,1.0,2.0,2.0,1.0
BR-262,166.1,1,0,0.0,0.0,2.0,2.0,3.0,3.0,0.0
BR-262,166.3,1,1,0.0,1.0,0.0,1.0,2.0,2.0,1.0
BR-262,167.9,1,1,0.0,2.0,0.0,2.0,3.0,4.0,1.0
BR-262,168.0,1,0,0.0,0.0,0.0,0.0,2.0,2.0,0.0
BR-262,169.0,1,0,0.0,0.0,1.0,1.0,2.0,2.0,0.0
BR-262,169.2,1,1,0.0,1.0,0.0,1.0,3.0,3.0,1.0
BR-262,169.7,1,0,0.0,0.0,1.0,1.0,2.0,2.0,0.0
BR-262,170.4,1,1,0.0,1.0,0.0,1.0,4.0,4.0,1.0
BR-262,170.8,1,0,0.0,0.0,1.0,1.0,2.0,2.0,0.0
BR-101,132.9,1,0,0.0,0.0,2.0,2.0,1.0,2.0,0.0
BR-262,171.0,1,1,0.0,1.0,1.0,2.0,1.0,2.0,1.0
BR-262,171.5,1,0,0.0,0.0,2.0,2.0,2.0,3.0,0.0
BR-101,133.2,1,1,1.0,2.0,0.0,2.0,3.0,5.0,1.0
BR-262,172.7,1,1,0.0,1.0,0.0,1.0,2.0,2.0,1.0
BR-262,174.1,1,1,0.0,1.0,3.0,4.0,5.0,6.0,1.0
BR-262,175.0,1,0,0.0,0.0,1.0,1.0,1.0,1.0,0.0
BR-262,176.0,1,0,0.0,0.0,2.0,2.0,1.0,2.0,0.0
BR-262,177.8,1,0,0.0,0.0,1.0,1.0,2.0,2.0,0.0
BR-262,181.6,1,1,0.0,1.0,1.0,2.0,2.0,3.0,1.0
BR-262,183.0,1,0,0.0,0.0,1.0,1.0,2.0,2.0,0.0
BR-262,183.4,1,1,0.0,2.0,1.0,3.0,2.0,3.0,1.0
BR-262,184.5,1,0,0.0,0.0,1.0,1.0,2.0,2.0,0.0
BR-101,133.6,1,0,0.0,0.0,2.0,2.0,1.0,2.0,0.0
BR-262,185.7,1,1,0.0,2.0,0.0,2.0,2.0,4.0,1.0
BR-262,186.8,1,1,0.0,2.0,0.0,2.0,2.0,2.0,1.0
BR-262,188.1,1,1,1.0,0.0,0.0,0.0,2.0,2.0,1.0
BR-262,188.8,1,0,0.0,0.0,2.0,2.0,2.0,3.0,0.0
BR-262,190.3,1,1,0.0,1.0,1.0,2.0,1.0,2.0,1.0
BR-262,191.0,1,0,0.0,0.0,2.0,2.0,1.0,2.0,0.0
BR-262,191.2,1,1,0.0,1.0,1.0,2.0,2.0,2.0,1.0
BR-262,194.2,1,1,0.0,2.0,0.0,2.0,1.0,2.0,1.0
BR-262,195.0,1,0,0.0,0.0,1.0,1.0,3.0,3.0,0.0
BR-262,196.0,1,1,2.0,0.0,0.0,0.0,1.0,2.0,1.0
BR-101,1.0,1,0,0.0,0.0,1.0,1.0,2.0,2.0,0.0
BR-101,133.8,1,0,0.0,0.0,6.0,6.0,2.0,6.0,0.0
BR-101,5.5,1,0,0.0,0.0,0.0,0.0,2.0,2.0,0.0
BR-101,6.1,1,0,0.0,0.0,2.0,2.0,3.0,4.0,0.0
BR-101,6.9,1,0,0.0,0.0,0.0,0.0,2.0,5.0,0.0
BR-101,7.0,1,0,0.0,0.0,0.0,0.0,2.0,2.0,0.0
BR-101,134.0,1,1,0.0,1.0,1.0,2.0,1.0,2.0,1.0
BR-101,7.6,1,1,0.0,1.0,0.0,1.0,1.0,2.0,1.0
BR-101,134.3,1,1,0.0,1.0,1.0,2.0,2.0,3.0,1.0
BR-101,8.1,1,0,0.0,0.0,1.0,1.0,2.0,2.0,0.0
BR-101,8.6,1,0,0.0,0.0,0.0,0.0,1.0,1.0,0.0
BR-101,135.0,1,1,0.0,2.0,0.0,2.0,2.0,2.0,1.0
BR-101,136.0,1,0,0.0,0.0,0.0,0.0,1.0,1.0,0.0
BR-101,10.5,1,0,0.0,0.0,0.0,0.0,1.0,1.0,0.0
BR-101,10.6,1,0,0.0,0.0,3.0,3.0,4.0,6.0,0.0
BR-101,3.2,1,0,0.0,0.0,0.0,0.0,6.0,3.0,0.0
BR-101,136.5,1,0,0.0,0.0,1.0,1.0,1.0,1.0,0.0
BR-393,0.3,1,1,0.0,1.0,0.0,1.0,2.0,2.0,1.0
BR-393,0.5,1,0,0.0,0.0,1.0,1.0,2.0,2.0,0.0
BR-393,0.7,1,1,0.0,1.0,2.0,3.0,2.0,4.0,1.0
BR-101,136.6,1,0,0.0,0.0,0.0,0.0,2.0,2.0,0.0
BR-101,136.9,1,0,0.0,0.0,12.0,12.0,3.0,15.0,0.0
BR-393,1.2,1,0,0.0,0.0,0.0,0.0,3.0,3.0,0.0
BR-393,1.3,1,1,0.0,1.0,0.0,1.0,3.0,3.0,1.0
BR-393,1.4,1,1,0.0,1.0,0.0,1.0,1.0,1.0,1.0
BR-393,1.5,1,0,0.0,0.0,1.0,1.0,2.0,2.0,0.0
BR-101,137.1,1,0,0.0,0.0,3.0,3.0,2.0,6.0,0.0
BR-393,2.2,1,0,0.0,0.0,1.0,1.0,2.0,2.0,0.0
BR-393,2.4,1,1,0.0,1.0,1.0,2.0,2.0,2.0,1.0
BR-393,2.5,1,1,0.0,1.0,0.0,1.0,2.0,2.0,1.0
BR-101,137.5,1,0,0.0,0.0,1.0,1.0,2.0,3.0,0.0
BR-101,3.9,1,0,0.0,0.0,1.0,1.0,1.0,1.0,0.0